field_1,file_name,city,subtype,uuid,reportRati,Confidence,Reliabilit,Location (,Location_1,pubmilis,roadTypeNu,Road Type,datetime,file_dt
7,/home/jeff/Documents/research/waze_proj/data/13.10.2017.17.27.01.json,"Norfolk, VA",HAZARD_WEATHER_FLOOD,6592c92c-b867-3d8d-aa91-8b7203a86355,0,1,7,-76.277109999999993,36.847964000000005,1507928255883,6.000000000000000,Primary,2017-10-13 20:57:35.883,2017-10-13 17:27:01
8,/home/jeff/Documents/research/waze_proj/data/13.10.2017.17.27.01.json,"Norfolk, VA",HAZARD_WEATHER_FLOOD,c8831f04-d00a-3f52-9ead-e68fd0b736f3,3,1,7,-76.277268999999990,36.848008000000000,1507929211938,6.000000000000000,Primary,2017-10-13 21:13:31.938,2017-10-13 17:27:01
9,/home/jeff/Documents/research/waze_proj/data/13.10.2017.17.27.01.json,"Norfolk, VA",HAZARD_WEATHER_FLOOD,f6513c51-1db2-3b34-be3e-ab0ee3b0f559,3,0,5,-76.277850000000001,36.846307000000003,1507929277160,6.000000000000000,Primary,2017-10-13 21:14:37.160,2017-10-13 17:27:01
11,/home/jeff/Documents/research/waze_proj/data/09.11.2017.13.27.01.json,"Norfolk, VA",HAZARD_WEATHER_FLOOD,c520b127-da2a-3b89-8fde-02922a997f55,1,0,6,-76.276969999999992,36.848784000000002,1510251745296,6.000000000000000,Primary,2017-11-09 18:22:25.296,2017-11-09 13:27:01
45,/home/jeff/Documents/research/waze_proj/data/08.11.2017.11.53.01.json,"Norfolk, VA",HAZARD_WEATHER_FLOOD,163749e4-5648-3d20-9c9a-f534ca1285bd,1,0,5,-76.282252999999997,36.850127000000001,1510158590026,2.000000000000000,Primary Street,2017-11-08 16:29:50.026,2017-11-08 11:53:01
56,/home/jeff/Documents/research/waze_proj/data/13.10.2017.17.15.01.json,"Norfolk, VA",HAZARD_WEATHER_FLOOD,6592c92c-b867-3d8d-aa91-8b7203a86355,0,0,5,-76.277109999999993,36.847964000000005,1507928255883,6.000000000000000,Primary,2017-10-13 20:57:35.883,2017-10-13 17:15:01
57,/home/jeff/Documents/research/waze_proj/data/13.10.2017.17.15.01.json,"Norfolk, VA",HAZARD_WEATHER_FLOOD,c8831f04-d00a-3f52-9ead-e68fd0b736f3,3,0,6,-76.277268999999990,36.848008000000000,1507929211938,6.000000000000000,Primary,2017-10-13 21:13:31.938,2017-10-13 17:15:01
58,/home/jeff/Documents/research/waze_proj/data/13.10.2017.17.15.01.json,"Norfolk, VA",HAZARD_WEATHER_FLOOD,f6513c51-1db2-3b34-be3e-ab0ee3b0f559,3,0,5,-76.277850000000001,36.846307000000003,1507929277160,6.000000000000000,Primary,2017-10-13 21:14:37.160,2017-10-13 17:15:01
67,/home/jeff/Documents/research/waze_proj/data/13.10.2017.16.45.01.json,"Norfolk, VA",HAZARD_WEATHER_FLOOD,bc79e9eb-ca57-3ab6-9231-4e73cf18769c,4,2,9,-76.277288999999996,36.847955999999996,1507925144470,6.000000000000000,Primary,2017-10-13 20:05:44.470,2017-10-13 16:45:01
80,/home/jeff/Documents/research/waze_proj/data/12.08.2017.11.07.01.json,"Norfolk, VA",HAZARD_WEATHER_FLOOD,dad6d256-a898-3922-be3b-a6a237497a2c,2,0,5,-76.273868999999991,36.854424000000002,1502549364179,6.000000000000000,Primary,2017-08-12 14:49:24.179,2017-08-12 11:07:01
87,/home/jeff/Documents/research/waze_proj/data/13.10.2017.16.39.01.json,"Norfolk, VA",HAZARD_WEATHER_FLOOD,bc79e9eb-ca57-3ab6-9231-4e73cf18769c,4,2,9,-76.277288999999996,36.847955999999996,1507925144470,6.000000000000000,Primary,2017-10-13 20:05:44.470,2017-10-13 16:39:01
117,/home/jeff/Documents/research/waze_proj/data/08.11.2017.11.32.01.json,"Norfolk, VA",HAZARD_WEATHER_FLOOD,163749e4-5648-3d20-9c9a-f534ca1285bd,1,0,5,-76.282252999999997,36.850127000000001,1510158590026,2.000000000000000,Primary Street,2017-11-08 16:29:50.026,2017-11-08 11:32:01
127,/home/jeff/Documents/research/waze_proj/data/09.11.2017.13.38.01.json,"Norfolk, VA",HAZARD_WEATHER_FLOOD,c520b127-da2a-3b89-8fde-02922a997f55,1,2,9,-76.276969999999992,36.848784000000002,1510251745296,6.000000000000000,Primary,2017-11-09 18:22:25.296,2017-11-09 13:38:01
153,/home/jeff/Documents/research/waze_proj/data/13.10.2017.16.12.01.json,"Norfolk, VA",HAZARD_WEATHER_FLOOD,bc79e9eb-ca57-3ab6-9231-4e73cf18769c,4,0,6,-76.277288999999996,36.847955999999996,1507925144470,6.000000000000000,Primary,2017-10-13 20:05:44.470,2017-10-13 16:12:01
169,/home/jeff/Documents/research/waze_proj/data/13.10.2017.16.47.01.json,"Norfolk, VA",HAZARD_WEATHER_FLOOD,bc79e9eb-ca57-3ab6-9231-4e73cf18769c,4,2,9,-76.277288999999996,36.847955999999996,1507925144470,6.000000000000000,Primary,2017-10-13 20:05:44.470,2017-10-13 16:47:01
170,/home/jeff/Documents/research/waze_proj/data/13.10.2017.18.37.01.json,"Norfolk, VA",HAZARD_WEATHER_FLOOD,cf9962ff-ff7f-350f-8f76-c26af02445bf,1,0,5,-76.278222999999997,36.845962000000000,1507934001037,7.000000000000000,Secondary,2017-10-13 22:33:21.037,2017-10-13 18:37:01
181,/home/jeff/Documents/research/waze_proj/data/08.11.2017.11.48.01.json,"Norfolk, VA",HAZARD_WEATHER_FLOOD,163749e4-5648-3d20-9c9a-f534ca1285bd,1,0,5,-76.282252999999997,36.850127000000001,1510158590026,2.000000000000000,Primary Street,2017-11-08 16:29:50.026,2017-11-08 11:48:01
194,/home/jeff/Documents/research/waze_proj/data/13.10.2017.16.58.01.json,"Norfolk, VA",HAZARD_WEATHER_FLOOD,6592c92c-b867-3d8d-aa91-8b7203a86355,0,0,5,-76.277109999999993,36.847964000000005,1507928255883,6.000000000000000,Primary,2017-10-13 20:57:35.883,2017-10-13 16:58:01
200,/home/jeff/Documents/research/waze_proj/data/13.10.2017.17.24.01.json,"Norfolk, VA",HAZARD_WEATHER_FLOOD,6592c92c-b867-3d8d-aa91-8b7203a86355,0,0,6,-76.277109999999993,36.847964000000005,1507928255883,6.000000000000000,Primary,2017-10-13 20:57:35.883,2017-10-13 17:24:01
201,/home/jeff/Documents/research/waze_proj/data/13.10.2017.17.24.01.json,"Norfolk, VA",HAZARD_WEATHER_FLOOD,c8831f04-d00a-3f52-9ead-e68fd0b736f3,3,0,6,-76.277268999999990,36.848008000000000,1507929211938,6.000000000000000,Primary,2017-10-13 21:13:31.938,2017-10-13 17:24:01
202,/home/jeff/Documents/research/waze_proj/data/13.10.2017.17.24.01.json,"Norfolk, VA",HAZARD_WEATHER_FLOOD,f6513c51-1db2-3b34-be3e-ab0ee3b0f559,3,0,5,-76.277850000000001,36.846307000000003,1507929277160,6.000000000000000,Primary,2017-10-13 21:14:37.160,2017-10-13 17:24:01
218,/home/jeff/Documents/research/waze_proj/data/08.11.2017.13.16.01.json,"Norfolk, VA",HAZARD_WEATHER_FLOOD,6a818854-dde9-301d-80d8-86c33d6f4a6b,3,0,5,-76.277963000000000,36.846365000000006,1510163387541,6.000000000000000,Primary,2017-11-08 17:49:47.541,2017-11-08 13:16:01
262,/home/jeff/Documents/research/waze_proj/data/13.11.2017.08.57.01.json,"Norfolk, VA",HAZARD_WEATHER_FLOOD,8bea3dee-bc3a-3c8f-a5e7-48bc550f1684,3,0,5,-76.277890999999997,36.845496999999995,1510581067374,6.000000000000000,Primary,2017-11-13 13:51:07.374,2017-11-13 08:57:01
281,/home/jeff/Documents/research/waze_proj/data/13.10.2017.16.36.01.json,"Norfolk, VA",HAZARD_WEATHER_FLOOD,bc79e9eb-ca57-3ab6-9231-4e73cf18769c,4,2,9,-76.277288999999996,36.847955999999996,1507925144470,6.000000000000000,Primary,2017-10-13 20:05:44.470,2017-10-13 16:36:01
288,/home/jeff/Documents/research/waze_proj/data/13.10.2017.17.26.01.json,"Norfolk, VA",HAZARD_WEATHER_FLOOD,6592c92c-b867-3d8d-aa91-8b7203a86355,0,1,7,-76.277109999999993,36.847964000000005,1507928255883,6.000000000000000,Primary,2017-10-13 20:57:35.883,2017-10-13 17:26:01
289,/home/jeff/Documents/research/waze_proj/data/13.10.2017.17.26.01.json,"Norfolk, VA",HAZARD_WEATHER_FLOOD,c8831f04-d00a-3f52-9ead-e68fd0b736f3,3,0,6,-76.277268999999990,36.848008000000000,1507929211938,6.000000000000000,Primary,2017-10-13 21:13:31.938,2017-10-13 17:26:01
290,/home/jeff/Documents/research/waze_proj/data/13.10.2017.17.26.01.json,"Norfolk, VA",HAZARD_WEATHER_FLOOD,f6513c51-1db2-3b34-be3e-ab0ee3b0f559,3,0,5,-76.277850000000001,36.846307000000003,1507929277160,6.000000000000000,Primary,2017-10-13 21:14:37.160,2017-10-13 17:26:01
322,/home/jeff/Documents/research/waze_proj/data/13.10.2017.16.46.01.json,"Norfolk, VA",HAZARD_WEATHER_FLOOD,bc79e9eb-ca57-3ab6-9231-4e73cf18769c,4,2,9,-76.277288999999996,36.847955999999996,1507925144470,6.000000000000000,Primary,2017-10-13 20:05:44.470,2017-10-13 16:46:01
329,/home/jeff/Documents/research/waze_proj/data/13.10.2017.18.59.01.json,"Norfolk, VA",HAZARD_WEATHER_FLOOD,cf9962ff-ff7f-350f-8f76-c26af02445bf,1,0,5,-76.278222999999997,36.845962000000000,1507934001037,7.000000000000000,Secondary,2017-10-13 22:33:21.037,2017-10-13 18:59:01
347,/home/jeff/Documents/research/waze_proj/data/09.11.2017.13.40.01.json,"Norfolk, VA",HAZARD_WEATHER_FLOOD,c520b127-da2a-3b89-8fde-02922a997f55,1,2,9,-76.276969999999992,36.848784000000002,1510251745296,6.000000000000000,Primary,2017-11-09 18:22:25.296,2017-11-09 13:40:01
368,/home/jeff/Documents/research/waze_proj/data/12.08.2017.11.05.01.json,"Norfolk, VA",HAZARD_WEATHER_FLOOD,dad6d256-a898-3922-be3b-a6a237497a2c,2,0,5,-76.273868999999991,36.854424000000002,1502549364179,6.000000000000000,Primary,2017-08-12 14:49:24.179,2017-08-12 11:05:01
396,/home/jeff/Documents/research/waze_proj/data/13.10.2017.17.00.01.json,"Norfolk, VA",HAZARD_WEATHER_FLOOD,6592c92c-b867-3d8d-aa91-8b7203a86355,0,0,5,-76.277109999999993,36.847964000000005,1507928255883,6.000000000000000,Primary,2017-10-13 20:57:35.883,2017-10-13 17:00:01
409,/home/jeff/Documents/research/waze_proj/data/13.10.2017.16.16.01.json,"Norfolk, VA",HAZARD_WEATHER_FLOOD,bc79e9eb-ca57-3ab6-9231-4e73cf18769c,4,0,6,-76.277288999999996,36.847955999999996,1507925144470,6.000000000000000,Primary,2017-10-13 20:05:44.470,2017-10-13 16:16:01
416,/home/jeff/Documents/research/waze_proj/data/12.08.2017.11.08.01.json,"Norfolk, VA",HAZARD_WEATHER_FLOOD,dad6d256-a898-3922-be3b-a6a237497a2c,2,0,5,-76.273868999999991,36.854424000000002,1502549364179,6.000000000000000,Primary,2017-08-12 14:49:24.179,2017-08-12 11:08:01
424,/home/jeff/Documents/research/waze_proj/data/13.11.2017.09.14.01.json,"Norfolk, VA",HAZARD_WEATHER_FLOOD,8bea3dee-bc3a-3c8f-a5e7-48bc550f1684,3,0,6,-76.277890999999997,36.845496999999995,1510581067374,6.000000000000000,Primary,2017-11-13 13:51:07.374,2017-11-13 09:14:01
432,/home/jeff/Documents/research/waze_proj/data/13.10.2017.17.28.01.json,"Norfolk, VA",HAZARD_WEATHER_FLOOD,6592c92c-b867-3d8d-aa91-8b7203a86355,0,1,7,-76.277109999999993,36.847964000000005,1507928255883,6.000000000000000,Primary,2017-10-13 20:57:35.883,2017-10-13 17:28:01
433,/home/jeff/Documents/research/waze_proj/data/13.10.2017.17.28.01.json,"Norfolk, VA",HAZARD_WEATHER_FLOOD,c8831f04-d00a-3f52-9ead-e68fd0b736f3,3,1,7,-76.277268999999990,36.848008000000000,1507929211938,6.000000000000000,Primary,2017-10-13 21:13:31.938,2017-10-13 17:28:01
434,/home/jeff/Documents/research/waze_proj/data/13.10.2017.17.28.01.json,"Norfolk, VA",HAZARD_WEATHER_FLOOD,f6513c51-1db2-3b34-be3e-ab0ee3b0f559,3,0,5,-76.277850000000001,36.846307000000003,1507929277160,6.000000000000000,Primary,2017-10-13 21:14:37.160,2017-10-13 17:28:01
467,/home/jeff/Documents/research/waze_proj/data/08.11.2017.13.15.01.json,"Norfolk, VA",HAZARD_WEATHER_FLOOD,6a818854-dde9-301d-80d8-86c33d6f4a6b,3,0,5,-76.277963000000000,36.846365000000006,1510163387541,6.000000000000000,Primary,2017-11-08 17:49:47.541,2017-11-08 13:15:01
473,/home/jeff/Documents/research/waze_proj/data/08.11.2017.13.13.01.json,"Norfolk, VA",HAZARD_WEATHER_FLOOD,6a818854-dde9-301d-80d8-86c33d6f4a6b,3,0,5,-76.277963000000000,36.846365000000006,1510163387541,6.000000000000000,Primary,2017-11-08 17:49:47.541,2017-11-08 13:13:01
497,/home/jeff/Documents/research/waze_proj/data/09.11.2017.13.23.01.json,"Norfolk, VA",HAZARD_WEATHER_FLOOD,c520b127-da2a-3b89-8fde-02922a997f55,1,0,5,-76.276969999999992,36.848784000000002,1510251745296,6.000000000000000,Primary,2017-11-09 18:22:25.296,2017-11-09 13:23:01
545,/home/jeff/Documents/research/waze_proj/data/13.11.2017.09.00.01.json,"Norfolk, VA",HAZARD_WEATHER_FLOOD,8bea3dee-bc3a-3c8f-a5e7-48bc550f1684,3,0,5,-76.277890999999997,36.845496999999995,1510581067374,6.000000000000000,Primary,2017-11-13 13:51:07.374,2017-11-13 09:00:01
553,/home/jeff/Documents/research/waze_proj/data/08.11.2017.12.55.01.json,"Norfolk, VA",HAZARD_WEATHER_FLOOD,6a818854-dde9-301d-80d8-86c33d6f4a6b,3,0,5,-76.277963000000000,36.846365000000006,1510163387541,6.000000000000000,Primary,2017-11-08 17:49:47.541,2017-11-08 12:55:01
563,/home/jeff/Documents/research/waze_proj/data/13.10.2017.16.42.02.json,"Norfolk, VA",HAZARD_WEATHER_FLOOD,bc79e9eb-ca57-3ab6-9231-4e73cf18769c,4,2,9,-76.277288999999996,36.847955999999996,1507925144470,6.000000000000000,Primary,2017-10-13 20:05:44.470,2017-10-13 16:42:02
640,/home/jeff/Documents/research/waze_proj/data/13.10.2017.18.58.01.json,"Norfolk, VA",HAZARD_WEATHER_FLOOD,cf9962ff-ff7f-350f-8f76-c26af02445bf,1,0,5,-76.278222999999997,36.845962000000000,1507934001037,7.000000000000000,Secondary,2017-10-13 22:33:21.037,2017-10-13 18:58:01
680,/home/jeff/Documents/research/waze_proj/data/08.11.2017.11.50.01.json,"Norfolk, VA",HAZARD_WEATHER_FLOOD,163749e4-5648-3d20-9c9a-f534ca1285bd,1,0,5,-76.282252999999997,36.850127000000001,1510158590026,2.000000000000000,Primary Street,2017-11-08 16:29:50.026,2017-11-08 11:50:01
725,/home/jeff/Documents/research/waze_proj/data/12.08.2017.10.59.01.json,"Norfolk, VA",HAZARD_WEATHER_FLOOD,dad6d256-a898-3922-be3b-a6a237497a2c,2,0,5,-76.273868999999991,36.854424000000002,1502549364179,6.000000000000000,Primary,2017-08-12 14:49:24.179,2017-08-12 10:59:01
744,/home/jeff/Documents/research/waze_proj/data/13.10.2017.16.07.01.json,"Norfolk, VA",HAZARD_WEATHER_FLOOD,bc79e9eb-ca57-3ab6-9231-4e73cf18769c,4,0,5,-76.277288999999996,36.847955999999996,1507925144470,6.000000000000000,Primary,2017-10-13 20:05:44.470,2017-10-13 16:07:01
771,/home/jeff/Documents/research/waze_proj/data/09.11.2017.13.49.01.json,"Norfolk, VA",HAZARD_WEATHER_FLOOD,c520b127-da2a-3b89-8fde-02922a997f55,1,3,10,-76.276969999999992,36.848784000000002,1510251745296,6.000000000000000,Primary,2017-11-09 18:22:25.296,2017-11-09 13:49:01
824,/home/jeff/Documents/research/waze_proj/data/09.11.2017.13.39.01.json,"Norfolk, VA",HAZARD_WEATHER_FLOOD,c520b127-da2a-3b89-8fde-02922a997f55,1,2,9,-76.276969999999992,36.848784000000002,1510251745296,6.000000000000000,Primary,2017-11-09 18:22:25.296,2017-11-09 13:39:01
825,/home/jeff/Documents/research/waze_proj/data/12.08.2017.11.12.01.json,"Norfolk, VA",HAZARD_WEATHER_FLOOD,dad6d256-a898-3922-be3b-a6a237497a2c,2,0,5,-76.273868999999991,36.854424000000002,1502549364179,6.000000000000000,Primary,2017-08-12 14:49:24.179,2017-08-12 11:12:01
860,/home/jeff/Documents/research/waze_proj/data/12.08.2017.10.52.01.json,"Norfolk, VA",HAZARD_WEATHER_FLOOD,dad6d256-a898-3922-be3b-a6a237497a2c,2,0,5,-76.273868999999991,36.854424000000002,1502549364179,6.000000000000000,Primary,2017-08-12 14:49:24.179,2017-08-12 10:52:01
912,/home/jeff/Documents/research/waze_proj/data/13.10.2017.17.36.01.json,"Norfolk, VA",HAZARD_WEATHER_FLOOD,6592c92c-b867-3d8d-aa91-8b7203a86355,0,1,7,-76.277109999999993,36.847964000000005,1507928255883,6.000000000000000,Primary,2017-10-13 20:57:35.883,2017-10-13 17:36:01
913,/home/jeff/Documents/research/waze_proj/data/13.10.2017.17.36.01.json,"Norfolk, VA",HAZARD_WEATHER_FLOOD,c8831f04-d00a-3f52-9ead-e68fd0b736f3,3,1,8,-76.277268999999990,36.848008000000000,1507929211938,6.000000000000000,Primary,2017-10-13 21:13:31.938,2017-10-13 17:36:01
914,/home/jeff/Documents/research/waze_proj/data/13.10.2017.17.36.01.json,"Norfolk, VA",HAZARD_WEATHER_FLOOD,f6513c51-1db2-3b34-be3e-ab0ee3b0f559,3,0,5,-76.277850000000001,36.846307000000003,1507929277160,6.000000000000000,Primary,2017-10-13 21:14:37.160,2017-10-13 17:36:01
963,/home/jeff/Documents/research/waze_proj/data/13.10.2017.17.17.01.json,"Norfolk, VA",HAZARD_WEATHER_FLOOD,6592c92c-b867-3d8d-aa91-8b7203a86355,0,0,5,-76.277109999999993,36.847964000000005,1507928255883,6.000000000000000,Primary,2017-10-13 20:57:35.883,2017-10-13 17:17:01
964,/home/jeff/Documents/research/waze_proj/data/13.10.2017.17.17.01.json,"Norfolk, VA",HAZARD_WEATHER_FLOOD,c8831f04-d00a-3f52-9ead-e68fd0b736f3,3,0,6,-76.277268999999990,36.848008000000000,1507929211938,6.000000000000000,Primary,2017-10-13 21:13:31.938,2017-10-13 17:17:01
965,/home/jeff/Documents/research/waze_proj/data/13.10.2017.17.17.01.json,"Norfolk, VA",HAZARD_WEATHER_FLOOD,f6513c51-1db2-3b34-be3e-ab0ee3b0f559,3,0,5,-76.277850000000001,36.846307000000003,1507929277160,6.000000000000000,Primary,2017-10-13 21:14:37.160,2017-10-13 17:17:01
975,/home/jeff/Documents/research/waze_proj/data/13.10.2017.17.35.01.json,"Norfolk, VA",HAZARD_WEATHER_FLOOD,6592c92c-b867-3d8d-aa91-8b7203a86355,0,1,7,-76.277109999999993,36.847964000000005,1507928255883,6.000000000000000,Primary,2017-10-13 20:57:35.883,2017-10-13 17:35:01
976,/home/jeff/Documents/research/waze_proj/data/13.10.2017.17.35.01.json,"Norfolk, VA",HAZARD_WEATHER_FLOOD,c8831f04-d00a-3f52-9ead-e68fd0b736f3,3,1,8,-76.277268999999990,36.848008000000000,1507929211938,6.000000000000000,Primary,2017-10-13 21:13:31.938,2017-10-13 17:35:01
977,/home/jeff/Documents/research/waze_proj/data/13.10.2017.17.35.01.json,"Norfolk, VA",HAZARD_WEATHER_FLOOD,f6513c51-1db2-3b34-be3e-ab0ee3b0f559,3,0,5,-76.277850000000001,36.846307000000003,1507929277160,6.000000000000000,Primary,2017-10-13 21:14:37.160,2017-10-13 17:35:01
984,/home/jeff/Documents/research/waze_proj/data/09.11.2017.13.50.01.json,"Norfolk, VA",HAZARD_WEATHER_FLOOD,c520b127-da2a-3b89-8fde-02922a997f55,1,3,10,-76.276969999999992,36.848784000000002,1510251745296,6.000000000000000,Primary,2017-11-09 18:22:25.296,2017-11-09 13:50:01
1001,/home/jeff/Documents/research/waze_proj/data/13.10.2017.16.06.01.json,"Norfolk, VA",HAZARD_WEATHER_FLOOD,bc79e9eb-ca57-3ab6-9231-4e73cf18769c,4,0,5,-76.277288999999996,36.847955999999996,1507925144470,6.000000000000000,Primary,2017-10-13 20:05:44.470,2017-10-13 16:06:01
1028,/home/jeff/Documents/research/waze_proj/data/08.11.2017.13.09.01.json,"Norfolk, VA",HAZARD_WEATHER_FLOOD,6a818854-dde9-301d-80d8-86c33d6f4a6b,3,0,5,-76.277963000000000,36.846365000000006,1510163387541,6.000000000000000,Primary,2017-11-08 17:49:47.541,2017-11-08 13:09:01
1066,/home/jeff/Documents/research/waze_proj/data/13.11.2017.09.12.01.json,"Norfolk, VA",HAZARD_WEATHER_FLOOD,8bea3dee-bc3a-3c8f-a5e7-48bc550f1684,3,0,6,-76.277890999999997,36.845496999999995,1510581067374,6.000000000000000,Primary,2017-11-13 13:51:07.374,2017-11-13 09:12:01
1107,/home/jeff/Documents/research/waze_proj/data/13.11.2017.09.06.01.json,"Norfolk, VA",HAZARD_WEATHER_FLOOD,8bea3dee-bc3a-3c8f-a5e7-48bc550f1684,3,0,5,-76.277890999999997,36.845496999999995,1510581067374,6.000000000000000,Primary,2017-11-13 13:51:07.374,2017-11-13 09:06:01
1112,/home/jeff/Documents/research/waze_proj/data/13.10.2017.16.11.01.json,"Norfolk, VA",HAZARD_WEATHER_FLOOD,bc79e9eb-ca57-3ab6-9231-4e73cf18769c,4,0,6,-76.277288999999996,36.847955999999996,1507925144470,6.000000000000000,Primary,2017-10-13 20:05:44.470,2017-10-13 16:11:01
1149,/home/jeff/Documents/research/waze_proj/data/13.10.2017.19.02.01.json,"Norfolk, VA",HAZARD_WEATHER_FLOOD,cf9962ff-ff7f-350f-8f76-c26af02445bf,1,0,5,-76.278222999999997,36.845962000000000,1507934001037,7.000000000000000,Secondary,2017-10-13 22:33:21.037,2017-10-13 19:02:01
1160,/home/jeff/Documents/research/waze_proj/data/09.11.2017.13.53.01.json,"Norfolk, VA",HAZARD_WEATHER_FLOOD,c520b127-da2a-3b89-8fde-02922a997f55,1,3,10,-76.276969999999992,36.848784000000002,1510251745296,6.000000000000000,Primary,2017-11-09 18:22:25.296,2017-11-09 13:53:01
1162,/home/jeff/Documents/research/waze_proj/data/13.10.2017.19.03.01.json,"Norfolk, VA",HAZARD_WEATHER_FLOOD,cf9962ff-ff7f-350f-8f76-c26af02445bf,1,0,5,-76.278222999999997,36.845962000000000,1507934001037,7.000000000000000,Secondary,2017-10-13 22:33:21.037,2017-10-13 19:03:01
1171,/home/jeff/Documents/research/waze_proj/data/08.11.2017.13.06.01.json,"Norfolk, VA",HAZARD_WEATHER_FLOOD,6a818854-dde9-301d-80d8-86c33d6f4a6b,3,0,5,-76.277963000000000,36.846365000000006,1510163387541,6.000000000000000,Primary,2017-11-08 17:49:47.541,2017-11-08 13:06:01
1188,/home/jeff/Documents/research/waze_proj/data/13.10.2017.17.44.01.json,"Norfolk, VA",HAZARD_WEATHER_FLOOD,c8831f04-d00a-3f52-9ead-e68fd0b736f3,3,1,8,-76.277268999999990,36.848008000000000,1507929211938,6.000000000000000,Primary,2017-10-13 21:13:31.938,2017-10-13 17:44:01
1189,/home/jeff/Documents/research/waze_proj/data/13.10.2017.17.44.01.json,"Norfolk, VA",HAZARD_WEATHER_FLOOD,f6513c51-1db2-3b34-be3e-ab0ee3b0f559,3,0,5,-76.277850000000001,36.846307000000003,1507929277160,6.000000000000000,Primary,2017-10-13 21:14:37.160,2017-10-13 17:44:01
1219,/home/jeff/Documents/research/waze_proj/data/13.10.2017.16.17.01.json,"Norfolk, VA",HAZARD_WEATHER_FLOOD,bc79e9eb-ca57-3ab6-9231-4e73cf18769c,4,0,6,-76.277288999999996,36.847955999999996,1507925144470,6.000000000000000,Primary,2017-10-13 20:05:44.470,2017-10-13 16:17:01
1223,/home/jeff/Documents/research/waze_proj/data/13.10.2017.16.25.01.json,"Norfolk, VA",HAZARD_WEATHER_FLOOD,bc79e9eb-ca57-3ab6-9231-4e73cf18769c,4,1,8,-76.277288999999996,36.847955999999996,1507925144470,6.000000000000000,Primary,2017-10-13 20:05:44.470,2017-10-13 16:25:01
1246,/home/jeff/Documents/research/waze_proj/data/13.10.2017.16.37.01.json,"Norfolk, VA",HAZARD_WEATHER_FLOOD,bc79e9eb-ca57-3ab6-9231-4e73cf18769c,4,2,9,-76.277288999999996,36.847955999999996,1507925144470,6.000000000000000,Primary,2017-10-13 20:05:44.470,2017-10-13 16:37:01
1282,/home/jeff/Documents/research/waze_proj/data/08.11.2017.11.31.01.json,"Norfolk, VA",HAZARD_WEATHER_FLOOD,163749e4-5648-3d20-9c9a-f534ca1285bd,1,0,5,-76.282252999999997,36.850127000000001,1510158590026,2.000000000000000,Primary Street,2017-11-08 16:29:50.026,2017-11-08 11:31:01
1317,/home/jeff/Documents/research/waze_proj/data/08.11.2017.13.03.01.json,"Norfolk, VA",HAZARD_WEATHER_FLOOD,6a818854-dde9-301d-80d8-86c33d6f4a6b,3,0,5,-76.277963000000000,36.846365000000006,1510163387541,6.000000000000000,Primary,2017-11-08 17:49:47.541,2017-11-08 13:03:01
1323,/home/jeff/Documents/research/waze_proj/data/09.11.2017.13.43.01.json,"Norfolk, VA",HAZARD_WEATHER_FLOOD,c520b127-da2a-3b89-8fde-02922a997f55,1,2,10,-76.276969999999992,36.848784000000002,1510251745296,6.000000000000000,Primary,2017-11-09 18:22:25.296,2017-11-09 13:43:01
1346,/home/jeff/Documents/research/waze_proj/data/13.11.2017.09.09.01.json,"Norfolk, VA",HAZARD_WEATHER_FLOOD,8bea3dee-bc3a-3c8f-a5e7-48bc550f1684,3,0,5,-76.277890999999997,36.845496999999995,1510581067374,6.000000000000000,Primary,2017-11-13 13:51:07.374,2017-11-13 09:09:01
1350,/home/jeff/Documents/research/waze_proj/data/12.08.2017.11.10.01.json,"Norfolk, VA",HAZARD_WEATHER_FLOOD,dad6d256-a898-3922-be3b-a6a237497a2c,2,0,5,-76.273868999999991,36.854424000000002,1502549364179,6.000000000000000,Primary,2017-08-12 14:49:24.179,2017-08-12 11:10:01
1362,/home/jeff/Documents/research/waze_proj/data/13.10.2017.16.27.01.json,"Norfolk, VA",HAZARD_WEATHER_FLOOD,bc79e9eb-ca57-3ab6-9231-4e73cf18769c,4,1,8,-76.277288999999996,36.847955999999996,1507925144470,6.000000000000000,Primary,2017-10-13 20:05:44.470,2017-10-13 16:27:01
1367,/home/jeff/Documents/research/waze_proj/data/09.11.2017.13.47.01.json,"Norfolk, VA",HAZARD_WEATHER_FLOOD,c520b127-da2a-3b89-8fde-02922a997f55,1,3,10,-76.276969999999992,36.848784000000002,1510251745296,6.000000000000000,Primary,2017-11-09 18:22:25.296,2017-11-09 13:47:01
1421,/home/jeff/Documents/research/waze_proj/data/09.11.2017.13.48.01.json,"Norfolk, VA",HAZARD_WEATHER_FLOOD,c520b127-da2a-3b89-8fde-02922a997f55,1,3,10,-76.276969999999992,36.848784000000002,1510251745296,6.000000000000000,Primary,2017-11-09 18:22:25.296,2017-11-09 13:48:01
1438,/home/jeff/Documents/research/waze_proj/data/13.10.2017.16.18.01.json,"Norfolk, VA",HAZARD_WEATHER_FLOOD,bc79e9eb-ca57-3ab6-9231-4e73cf18769c,4,0,6,-76.277288999999996,36.847955999999996,1507925144470,6.000000000000000,Primary,2017-10-13 20:05:44.470,2017-10-13 16:18:01
1461,/home/jeff/Documents/research/waze_proj/data/09.11.2017.13.56.01.json,"Norfolk, VA",HAZARD_WEATHER_FLOOD,c520b127-da2a-3b89-8fde-02922a997f55,1,3,10,-76.276969999999992,36.848784000000002,1510251745296,6.000000000000000,Primary,2017-11-09 18:22:25.296,2017-11-09 13:56:01
1480,/home/jeff/Documents/research/waze_proj/data/08.11.2017.12.00.01.json,"Norfolk, VA",HAZARD_WEATHER_FLOOD,163749e4-5648-3d20-9c9a-f534ca1285bd,1,0,5,-76.282252999999997,36.850127000000001,1510158590026,2.000000000000000,Primary Street,2017-11-08 16:29:50.026,2017-11-08 12:00:01
1584,/home/jeff/Documents/research/waze_proj/data/13.10.2017.17.10.01.json,"Norfolk, VA",HAZARD_WEATHER_FLOOD,6592c92c-b867-3d8d-aa91-8b7203a86355,0,0,5,-76.277109999999993,36.847964000000005,1507928255883,6.000000000000000,Primary,2017-10-13 20:57:35.883,2017-10-13 17:10:01
1628,/home/jeff/Documents/research/waze_proj/data/13.10.2017.17.34.01.json,"Norfolk, VA",HAZARD_WEATHER_FLOOD,6592c92c-b867-3d8d-aa91-8b7203a86355,0,1,7,-76.277109999999993,36.847964000000005,1507928255883,6.000000000000000,Primary,2017-10-13 20:57:35.883,2017-10-13 17:34:01
1629,/home/jeff/Documents/research/waze_proj/data/13.10.2017.17.34.01.json,"Norfolk, VA",HAZARD_WEATHER_FLOOD,c8831f04-d00a-3f52-9ead-e68fd0b736f3,3,1,8,-76.277268999999990,36.848008000000000,1507929211938,6.000000000000000,Primary,2017-10-13 21:13:31.938,2017-10-13 17:34:01
1630,/home/jeff/Documents/research/waze_proj/data/13.10.2017.17.34.01.json,"Norfolk, VA",HAZARD_WEATHER_FLOOD,f6513c51-1db2-3b34-be3e-ab0ee3b0f559,3,0,5,-76.277850000000001,36.846307000000003,1507929277160,6.000000000000000,Primary,2017-10-13 21:14:37.160,2017-10-13 17:34:01
1689,/home/jeff/Documents/research/waze_proj/data/13.10.2017.17.02.01.json,"Norfolk, VA",HAZARD_WEATHER_FLOOD,6592c92c-b867-3d8d-aa91-8b7203a86355,0,0,5,-76.277109999999993,36.847964000000005,1507928255883,6.000000000000000,Primary,2017-10-13 20:57:35.883,2017-10-13 17:02:01
1731,/home/jeff/Documents/research/waze_proj/data/13.11.2017.08.52.01.json,"Norfolk, VA",HAZARD_WEATHER_FLOOD,8bea3dee-bc3a-3c8f-a5e7-48bc550f1684,3,0,5,-76.277890999999997,36.845496999999995,1510581067374,6.000000000000000,Primary,2017-11-13 13:51:07.374,2017-11-13 08:52:01
1736,/home/jeff/Documents/research/waze_proj/data/09.11.2017.13.46.01.json,"Norfolk, VA",HAZARD_WEATHER_FLOOD,c520b127-da2a-3b89-8fde-02922a997f55,1,3,10,-76.276969999999992,36.848784000000002,1510251745296,6.000000000000000,Primary,2017-11-09 18:22:25.296,2017-11-09 13:46:01
1777,/home/jeff/Documents/research/waze_proj/data/13.11.2017.08.56.01.json,"Norfolk, VA",HAZARD_WEATHER_FLOOD,8bea3dee-bc3a-3c8f-a5e7-48bc550f1684,3,0,5,-76.277890999999997,36.845496999999995,1510581067374,6.000000000000000,Primary,2017-11-13 13:51:07.374,2017-11-13 08:56:01
1787,/home/jeff/Documents/research/waze_proj/data/13.10.2017.18.35.01.json,"Norfolk, VA",HAZARD_WEATHER_FLOOD,cf9962ff-ff7f-350f-8f76-c26af02445bf,1,0,5,-76.278222999999997,36.845962000000000,1507934001037,7.000000000000000,Secondary,2017-10-13 22:33:21.037,2017-10-13 18:35:01
1799,/home/jeff/Documents/research/waze_proj/data/13.10.2017.16.40.01.json,"Norfolk, VA",HAZARD_WEATHER_FLOOD,bc79e9eb-ca57-3ab6-9231-4e73cf18769c,4,2,9,-76.277288999999996,36.847955999999996,1507925144470,6.000000000000000,Primary,2017-10-13 20:05:44.470,2017-10-13 16:40:01
1834,/home/jeff/Documents/research/waze_proj/data/13.11.2017.09.05.01.json,"Norfolk, VA",HAZARD_WEATHER_FLOOD,8bea3dee-bc3a-3c8f-a5e7-48bc550f1684,3,0,5,-76.277890999999997,36.845496999999995,1510581067374,6.000000000000000,Primary,2017-11-13 13:51:07.374,2017-11-13 09:05:01
1835,/home/jeff/Documents/research/waze_proj/data/13.10.2017.18.42.01.json,"Norfolk, VA",HAZARD_WEATHER_FLOOD,cf9962ff-ff7f-350f-8f76-c26af02445bf,1,0,5,-76.278222999999997,36.845962000000000,1507934001037,7.000000000000000,Secondary,2017-10-13 22:33:21.037,2017-10-13 18:42:01
1900,/home/jeff/Documents/research/waze_proj/data/13.10.2017.17.19.01.json,"Norfolk, VA",HAZARD_WEATHER_FLOOD,6592c92c-b867-3d8d-aa91-8b7203a86355,0,0,5,-76.277109999999993,36.847964000000005,1507928255883,6.000000000000000,Primary,2017-10-13 20:57:35.883,2017-10-13 17:19:01
1901,/home/jeff/Documents/research/waze_proj/data/13.10.2017.17.19.01.json,"Norfolk, VA",HAZARD_WEATHER_FLOOD,c8831f04-d00a-3f52-9ead-e68fd0b736f3,3,0,6,-76.277268999999990,36.848008000000000,1507929211938,6.000000000000000,Primary,2017-10-13 21:13:31.938,2017-10-13 17:19:01
1902,/home/jeff/Documents/research/waze_proj/data/13.10.2017.17.19.01.json,"Norfolk, VA",HAZARD_WEATHER_FLOOD,f6513c51-1db2-3b34-be3e-ab0ee3b0f559,3,0,5,-76.277850000000001,36.846307000000003,1507929277160,6.000000000000000,Primary,2017-10-13 21:14:37.160,2017-10-13 17:19:01
1917,/home/jeff/Documents/research/waze_proj/data/08.11.2017.11.38.01.json,"Norfolk, VA",HAZARD_WEATHER_FLOOD,163749e4-5648-3d20-9c9a-f534ca1285bd,1,0,5,-76.282252999999997,36.850127000000001,1510158590026,2.000000000000000,Primary Street,2017-11-08 16:29:50.026,2017-11-08 11:38:01
1918,/home/jeff/Documents/research/waze_proj/data/12.08.2017.11.09.01.json,"Norfolk, VA",HAZARD_WEATHER_FLOOD,dad6d256-a898-3922-be3b-a6a237497a2c,2,0,5,-76.273868999999991,36.854424000000002,1502549364179,6.000000000000000,Primary,2017-08-12 14:49:24.179,2017-08-12 11:09:01
1939,/home/jeff/Documents/research/waze_proj/data/13.10.2017.17.41.01.json,"Norfolk, VA",HAZARD_WEATHER_FLOOD,6592c92c-b867-3d8d-aa91-8b7203a86355,0,1,7,-76.277109999999993,36.847964000000005,1507928255883,6.000000000000000,Primary,2017-10-13 20:57:35.883,2017-10-13 17:41:01
1940,/home/jeff/Documents/research/waze_proj/data/13.10.2017.17.41.01.json,"Norfolk, VA",HAZARD_WEATHER_FLOOD,c8831f04-d00a-3f52-9ead-e68fd0b736f3,3,1,8,-76.277268999999990,36.848008000000000,1507929211938,6.000000000000000,Primary,2017-10-13 21:13:31.938,2017-10-13 17:41:01
1941,/home/jeff/Documents/research/waze_proj/data/13.10.2017.17.41.01.json,"Norfolk, VA",HAZARD_WEATHER_FLOOD,f6513c51-1db2-3b34-be3e-ab0ee3b0f559,3,0,5,-76.277850000000001,36.846307000000003,1507929277160,6.000000000000000,Primary,2017-10-13 21:14:37.160,2017-10-13 17:41:01
1955,/home/jeff/Documents/research/waze_proj/data/12.08.2017.11.03.01.json,"Norfolk, VA",HAZARD_WEATHER_FLOOD,dad6d256-a898-3922-be3b-a6a237497a2c,2,0,5,-76.273868999999991,36.854424000000002,1502549364179,6.000000000000000,Primary,2017-08-12 14:49:24.179,2017-08-12 11:03:01
1957,/home/jeff/Documents/research/waze_proj/data/09.11.2017.13.34.01.json,"Norfolk, VA",HAZARD_WEATHER_FLOOD,c520b127-da2a-3b89-8fde-02922a997f55,1,1,8,-76.276969999999992,36.848784000000002,1510251745296,6.000000000000000,Primary,2017-11-09 18:22:25.296,2017-11-09 13:34:01
1960,/home/jeff/Documents/research/waze_proj/data/13.10.2017.16.26.01.json,"Norfolk, VA",HAZARD_WEATHER_FLOOD,bc79e9eb-ca57-3ab6-9231-4e73cf18769c,4,1,8,-76.277288999999996,36.847955999999996,1507925144470,6.000000000000000,Primary,2017-10-13 20:05:44.470,2017-10-13 16:26:01
1968,/home/jeff/Documents/research/waze_proj/data/09.11.2017.13.30.01.json,"Norfolk, VA",HAZARD_WEATHER_FLOOD,c520b127-da2a-3b89-8fde-02922a997f55,1,1,8,-76.276969999999992,36.848784000000002,1510251745296,6.000000000000000,Primary,2017-11-09 18:22:25.296,2017-11-09 13:30:01
2091,/home/jeff/Documents/research/waze_proj/data/08.11.2017.12.53.01.json,"Norfolk, VA",HAZARD_WEATHER_FLOOD,6a818854-dde9-301d-80d8-86c33d6f4a6b,3,0,5,-76.277963000000000,36.846365000000006,1510163387541,6.000000000000000,Primary,2017-11-08 17:49:47.541,2017-11-08 12:53:01
2127,/home/jeff/Documents/research/waze_proj/data/09.11.2017.13.31.01.json,"Norfolk, VA",HAZARD_WEATHER_FLOOD,c520b127-da2a-3b89-8fde-02922a997f55,1,1,8,-76.276969999999992,36.848784000000002,1510251745296,6.000000000000000,Primary,2017-11-09 18:22:25.296,2017-11-09 13:31:01
2145,/home/jeff/Documents/research/waze_proj/data/08.11.2017.13.12.01.json,"Norfolk, VA",HAZARD_WEATHER_FLOOD,6a818854-dde9-301d-80d8-86c33d6f4a6b,3,0,5,-76.277963000000000,36.846365000000006,1510163387541,6.000000000000000,Primary,2017-11-08 17:49:47.541,2017-11-08 13:12:01
2149,/home/jeff/Documents/research/waze_proj/data/13.11.2017.09.11.01.json,"Norfolk, VA",HAZARD_WEATHER_FLOOD,8bea3dee-bc3a-3c8f-a5e7-48bc550f1684,3,0,6,-76.277890999999997,36.845496999999995,1510581067374,6.000000000000000,Primary,2017-11-13 13:51:07.374,2017-11-13 09:11:01
2161,/home/jeff/Documents/research/waze_proj/data/12.08.2017.10.58.01.json,"Norfolk, VA",HAZARD_WEATHER_FLOOD,dad6d256-a898-3922-be3b-a6a237497a2c,2,0,5,-76.273868999999991,36.854424000000002,1502549364179,6.000000000000000,Primary,2017-08-12 14:49:24.179,2017-08-12 10:58:01
2165,/home/jeff/Documents/research/waze_proj/data/08.11.2017.11.46.01.json,"Norfolk, VA",HAZARD_WEATHER_FLOOD,163749e4-5648-3d20-9c9a-f534ca1285bd,1,0,5,-76.282252999999997,36.850127000000001,1510158590026,2.000000000000000,Primary Street,2017-11-08 16:29:50.026,2017-11-08 11:46:01
2196,/home/jeff/Documents/research/waze_proj/data/13.10.2017.16.48.01.json,"Norfolk, VA",HAZARD_WEATHER_FLOOD,bc79e9eb-ca57-3ab6-9231-4e73cf18769c,4,2,9,-76.277288999999996,36.847955999999996,1507925144470,6.000000000000000,Primary,2017-10-13 20:05:44.470,2017-10-13 16:48:01
2199,/home/jeff/Documents/research/waze_proj/data/08.11.2017.13.01.01.json,"Norfolk, VA",HAZARD_WEATHER_FLOOD,6a818854-dde9-301d-80d8-86c33d6f4a6b,3,0,5,-76.277963000000000,36.846365000000006,1510163387541,6.000000000000000,Primary,2017-11-08 17:49:47.541,2017-11-08 13:01:01
2218,/home/jeff/Documents/research/waze_proj/data/12.08.2017.11.14.01.json,"Norfolk, VA",HAZARD_WEATHER_FLOOD,dad6d256-a898-3922-be3b-a6a237497a2c,2,0,5,-76.273868999999991,36.854424000000002,1502549364179,6.000000000000000,Primary,2017-08-12 14:49:24.179,2017-08-12 11:14:01
2233,/home/jeff/Documents/research/waze_proj/data/08.11.2017.12.52.01.json,"Norfolk, VA",HAZARD_WEATHER_FLOOD,6a818854-dde9-301d-80d8-86c33d6f4a6b,3,0,5,-76.277963000000000,36.846365000000006,1510163387541,6.000000000000000,Primary,2017-11-08 17:49:47.541,2017-11-08 12:52:01
2238,/home/jeff/Documents/research/waze_proj/data/13.10.2017.18.54.01.json,"Norfolk, VA",HAZARD_WEATHER_FLOOD,cf9962ff-ff7f-350f-8f76-c26af02445bf,1,0,5,-76.278222999999997,36.845962000000000,1507934001037,7.000000000000000,Secondary,2017-10-13 22:33:21.037,2017-10-13 18:54:01
2249,/home/jeff/Documents/research/waze_proj/data/13.10.2017.17.08.01.json,"Norfolk, VA",HAZARD_WEATHER_FLOOD,6592c92c-b867-3d8d-aa91-8b7203a86355,0,0,5,-76.277109999999993,36.847964000000005,1507928255883,6.000000000000000,Primary,2017-10-13 20:57:35.883,2017-10-13 17:08:01
2258,/home/jeff/Documents/research/waze_proj/data/13.10.2017.18.34.01.json,"Norfolk, VA",HAZARD_WEATHER_FLOOD,cf9962ff-ff7f-350f-8f76-c26af02445bf,1,0,5,-76.278222999999997,36.845962000000000,1507934001037,7.000000000000000,Secondary,2017-10-13 22:33:21.037,2017-10-13 18:34:01
2312,/home/jeff/Documents/research/waze_proj/data/13.10.2017.16.34.01.json,"Norfolk, VA",HAZARD_WEATHER_FLOOD,bc79e9eb-ca57-3ab6-9231-4e73cf18769c,4,1,8,-76.277288999999996,36.847955999999996,1507925144470,6.000000000000000,Primary,2017-10-13 20:05:44.470,2017-10-13 16:34:01
2358,/home/jeff/Documents/research/waze_proj/data/13.10.2017.17.32.01.json,"Norfolk, VA",HAZARD_WEATHER_FLOOD,6592c92c-b867-3d8d-aa91-8b7203a86355,0,1,7,-76.277109999999993,36.847964000000005,1507928255883,6.000000000000000,Primary,2017-10-13 20:57:35.883,2017-10-13 17:32:01
2359,/home/jeff/Documents/research/waze_proj/data/13.10.2017.17.32.01.json,"Norfolk, VA",HAZARD_WEATHER_FLOOD,c8831f04-d00a-3f52-9ead-e68fd0b736f3,3,1,8,-76.277268999999990,36.848008000000000,1507929211938,6.000000000000000,Primary,2017-10-13 21:13:31.938,2017-10-13 17:32:01
2360,/home/jeff/Documents/research/waze_proj/data/13.10.2017.17.32.01.json,"Norfolk, VA",HAZARD_WEATHER_FLOOD,f6513c51-1db2-3b34-be3e-ab0ee3b0f559,3,0,5,-76.277850000000001,36.846307000000003,1507929277160,6.000000000000000,Primary,2017-10-13 21:14:37.160,2017-10-13 17:32:01
2375,/home/jeff/Documents/research/waze_proj/data/13.10.2017.16.59.01.json,"Norfolk, VA",HAZARD_WEATHER_FLOOD,6592c92c-b867-3d8d-aa91-8b7203a86355,0,0,5,-76.277109999999993,36.847964000000005,1507928255883,6.000000000000000,Primary,2017-10-13 20:57:35.883,2017-10-13 16:59:01
2380,/home/jeff/Documents/research/waze_proj/data/13.10.2017.18.51.01.json,"Norfolk, VA",HAZARD_WEATHER_FLOOD,cf9962ff-ff7f-350f-8f76-c26af02445bf,1,0,5,-76.278222999999997,36.845962000000000,1507934001037,7.000000000000000,Secondary,2017-10-13 22:33:21.037,2017-10-13 18:51:01
2398,/home/jeff/Documents/research/waze_proj/data/08.11.2017.11.47.01.json,"Norfolk, VA",HAZARD_WEATHER_FLOOD,163749e4-5648-3d20-9c9a-f534ca1285bd,1,0,5,-76.282252999999997,36.850127000000001,1510158590026,2.000000000000000,Primary Street,2017-11-08 16:29:50.026,2017-11-08 11:47:01
2399,/home/jeff/Documents/research/waze_proj/data/08.11.2017.11.41.01.json,"Norfolk, VA",HAZARD_WEATHER_FLOOD,163749e4-5648-3d20-9c9a-f534ca1285bd,1,0,5,-76.282252999999997,36.850127000000001,1510158590026,2.000000000000000,Primary Street,2017-11-08 16:29:50.026,2017-11-08 11:41:01
2485,/home/jeff/Documents/research/waze_proj/data/12.08.2017.10.57.01.json,"Norfolk, VA",HAZARD_WEATHER_FLOOD,dad6d256-a898-3922-be3b-a6a237497a2c,2,0,5,-76.273868999999991,36.854424000000002,1502549364179,6.000000000000000,Primary,2017-08-12 14:49:24.179,2017-08-12 10:57:01
2504,/home/jeff/Documents/research/waze_proj/data/13.10.2017.18.41.01.json,"Norfolk, VA",HAZARD_WEATHER_FLOOD,cf9962ff-ff7f-350f-8f76-c26af02445bf,1,0,5,-76.278222999999997,36.845962000000000,1507934001037,7.000000000000000,Secondary,2017-10-13 22:33:21.037,2017-10-13 18:41:01
2521,/home/jeff/Documents/research/waze_proj/data/09.11.2017.13.44.01.json,"Norfolk, VA",HAZARD_WEATHER_FLOOD,c520b127-da2a-3b89-8fde-02922a997f55,1,2,10,-76.276969999999992,36.848784000000002,1510251745296,6.000000000000000,Primary,2017-11-09 18:22:25.296,2017-11-09 13:44:01
2561,/home/jeff/Documents/research/waze_proj/data/13.10.2017.18.55.01.json,"Norfolk, VA",HAZARD_WEATHER_FLOOD,cf9962ff-ff7f-350f-8f76-c26af02445bf,1,0,5,-76.278222999999997,36.845962000000000,1507934001037,7.000000000000000,Secondary,2017-10-13 22:33:21.037,2017-10-13 18:55:01
2565,/home/jeff/Documents/research/waze_proj/data/08.11.2017.11.40.01.json,"Norfolk, VA",HAZARD_WEATHER_FLOOD,163749e4-5648-3d20-9c9a-f534ca1285bd,1,0,5,-76.282252999999997,36.850127000000001,1510158590026,2.000000000000000,Primary Street,2017-11-08 16:29:50.026,2017-11-08 11:40:01
2578,/home/jeff/Documents/research/waze_proj/data/08.11.2017.13.07.01.json,"Norfolk, VA",HAZARD_WEATHER_FLOOD,6a818854-dde9-301d-80d8-86c33d6f4a6b,3,0,5,-76.277963000000000,36.846365000000006,1510163387541,6.000000000000000,Primary,2017-11-08 17:49:47.541,2017-11-08 13:07:01
2581,/home/jeff/Documents/research/waze_proj/data/09.11.2017.13.51.01.json,"Norfolk, VA",HAZARD_WEATHER_FLOOD,c520b127-da2a-3b89-8fde-02922a997f55,1,3,10,-76.276969999999992,36.848784000000002,1510251745296,6.000000000000000,Primary,2017-11-09 18:22:25.296,2017-11-09 13:51:01
2620,/home/jeff/Documents/research/waze_proj/data/13.10.2017.17.43.01.json,"Norfolk, VA",HAZARD_WEATHER_FLOOD,c8831f04-d00a-3f52-9ead-e68fd0b736f3,3,1,8,-76.277268999999990,36.848008000000000,1507929211938,6.000000000000000,Primary,2017-10-13 21:13:31.938,2017-10-13 17:43:01
2621,/home/jeff/Documents/research/waze_proj/data/13.10.2017.17.43.01.json,"Norfolk, VA",HAZARD_WEATHER_FLOOD,f6513c51-1db2-3b34-be3e-ab0ee3b0f559,3,0,5,-76.277850000000001,36.846307000000003,1507929277160,6.000000000000000,Primary,2017-10-13 21:14:37.160,2017-10-13 17:43:01
2643,/home/jeff/Documents/research/waze_proj/data/08.11.2017.12.59.01.json,"Norfolk, VA",HAZARD_WEATHER_FLOOD,6a818854-dde9-301d-80d8-86c33d6f4a6b,3,0,5,-76.277963000000000,36.846365000000006,1510163387541,6.000000000000000,Primary,2017-11-08 17:49:47.541,2017-11-08 12:59:01
2645,/home/jeff/Documents/research/waze_proj/data/13.10.2017.18.53.01.json,"Norfolk, VA",HAZARD_WEATHER_FLOOD,cf9962ff-ff7f-350f-8f76-c26af02445bf,1,0,5,-76.278222999999997,36.845962000000000,1507934001037,7.000000000000000,Secondary,2017-10-13 22:33:21.037,2017-10-13 18:53:01
2664,/home/jeff/Documents/research/waze_proj/data/09.11.2017.13.33.01.json,"Norfolk, VA",HAZARD_WEATHER_FLOOD,c520b127-da2a-3b89-8fde-02922a997f55,1,1,8,-76.276969999999992,36.848784000000002,1510251745296,6.000000000000000,Primary,2017-11-09 18:22:25.296,2017-11-09 13:33:01
2679,/home/jeff/Documents/research/waze_proj/data/08.11.2017.13.18.01.json,"Norfolk, VA",HAZARD_WEATHER_FLOOD,6a818854-dde9-301d-80d8-86c33d6f4a6b,3,0,5,-76.277963000000000,36.846365000000006,1510163387541,6.000000000000000,Primary,2017-11-08 17:49:47.541,2017-11-08 13:18:01
2800,/home/jeff/Documents/research/waze_proj/data/08.11.2017.11.44.01.json,"Norfolk, VA",HAZARD_WEATHER_FLOOD,163749e4-5648-3d20-9c9a-f534ca1285bd,1,0,5,-76.282252999999997,36.850127000000001,1510158590026,2.000000000000000,Primary Street,2017-11-08 16:29:50.026,2017-11-08 11:44:01
2801,/home/jeff/Documents/research/waze_proj/data/13.10.2017.18.43.01.json,"Norfolk, VA",HAZARD_WEATHER_FLOOD,cf9962ff-ff7f-350f-8f76-c26af02445bf,1,0,5,-76.278222999999997,36.845962000000000,1507934001037,7.000000000000000,Secondary,2017-10-13 22:33:21.037,2017-10-13 18:43:01
2822,/home/jeff/Documents/research/waze_proj/data/13.10.2017.17.20.01.json,"Norfolk, VA",HAZARD_WEATHER_FLOOD,6592c92c-b867-3d8d-aa91-8b7203a86355,0,0,5,-76.277109999999993,36.847964000000005,1507928255883,6.000000000000000,Primary,2017-10-13 20:57:35.883,2017-10-13 17:20:01
2823,/home/jeff/Documents/research/waze_proj/data/13.10.2017.17.20.01.json,"Norfolk, VA",HAZARD_WEATHER_FLOOD,c8831f04-d00a-3f52-9ead-e68fd0b736f3,3,0,6,-76.277268999999990,36.848008000000000,1507929211938,6.000000000000000,Primary,2017-10-13 21:13:31.938,2017-10-13 17:20:01
2824,/home/jeff/Documents/research/waze_proj/data/13.10.2017.17.20.01.json,"Norfolk, VA",HAZARD_WEATHER_FLOOD,f6513c51-1db2-3b34-be3e-ab0ee3b0f559,3,0,5,-76.277850000000001,36.846307000000003,1507929277160,6.000000000000000,Primary,2017-10-13 21:14:37.160,2017-10-13 17:20:01
2828,/home/jeff/Documents/research/waze_proj/data/09.11.2017.13.58.01.json,"Norfolk, VA",HAZARD_WEATHER_FLOOD,c520b127-da2a-3b89-8fde-02922a997f55,1,3,10,-76.276969999999992,36.848784000000002,1510251745296,6.000000000000000,Primary,2017-11-09 18:22:25.296,2017-11-09 13:58:01
3004,/home/jeff/Documents/research/waze_proj/data/13.10.2017.16.41.01.json,"Norfolk, VA",HAZARD_WEATHER_FLOOD,bc79e9eb-ca57-3ab6-9231-4e73cf18769c,4,2,9,-76.277288999999996,36.847955999999996,1507925144470,6.000000000000000,Primary,2017-10-13 20:05:44.470,2017-10-13 16:41:01
3076,/home/jeff/Documents/research/waze_proj/data/13.10.2017.16.24.01.json,"Norfolk, VA",HAZARD_WEATHER_FLOOD,bc79e9eb-ca57-3ab6-9231-4e73cf18769c,4,1,8,-76.277288999999996,36.847955999999996,1507925144470,6.000000000000000,Primary,2017-10-13 20:05:44.470,2017-10-13 16:24:01
3080,/home/jeff/Documents/research/waze_proj/data/13.10.2017.18.39.01.json,"Norfolk, VA",HAZARD_WEATHER_FLOOD,cf9962ff-ff7f-350f-8f76-c26af02445bf,1,0,5,-76.278222999999997,36.845962000000000,1507934001037,7.000000000000000,Secondary,2017-10-13 22:33:21.037,2017-10-13 18:39:01
3091,/home/jeff/Documents/research/waze_proj/data/13.10.2017.16.35.01.json,"Norfolk, VA",HAZARD_WEATHER_FLOOD,bc79e9eb-ca57-3ab6-9231-4e73cf18769c,4,2,9,-76.277288999999996,36.847955999999996,1507925144470,6.000000000000000,Primary,2017-10-13 20:05:44.470,2017-10-13 16:35:01
3102,/home/jeff/Documents/research/waze_proj/data/13.10.2017.16.09.01.json,"Norfolk, VA",HAZARD_WEATHER_FLOOD,bc79e9eb-ca57-3ab6-9231-4e73cf18769c,4,0,5,-76.277288999999996,36.847955999999996,1507925144470,6.000000000000000,Primary,2017-10-13 20:05:44.470,2017-10-13 16:09:01
3136,/home/jeff/Documents/research/waze_proj/data/13.10.2017.16.30.01.json,"Norfolk, VA",HAZARD_WEATHER_FLOOD,bc79e9eb-ca57-3ab6-9231-4e73cf18769c,4,1,8,-76.277288999999996,36.847955999999996,1507925144470,6.000000000000000,Primary,2017-10-13 20:05:44.470,2017-10-13 16:30:01
3151,/home/jeff/Documents/research/waze_proj/data/13.10.2017.18.56.01.json,"Norfolk, VA",HAZARD_WEATHER_FLOOD,cf9962ff-ff7f-350f-8f76-c26af02445bf,1,0,5,-76.278222999999997,36.845962000000000,1507934001037,7.000000000000000,Secondary,2017-10-13 22:33:21.037,2017-10-13 18:56:01
3166,/home/jeff/Documents/research/waze_proj/data/13.11.2017.09.04.01.json,"Norfolk, VA",HAZARD_WEATHER_FLOOD,8bea3dee-bc3a-3c8f-a5e7-48bc550f1684,3,0,5,-76.277890999999997,36.845496999999995,1510581067374,6.000000000000000,Primary,2017-11-13 13:51:07.374,2017-11-13 09:04:01
3181,/home/jeff/Documents/research/waze_proj/data/13.11.2017.08.58.01.json,"Norfolk, VA",HAZARD_WEATHER_FLOOD,8bea3dee-bc3a-3c8f-a5e7-48bc550f1684,3,0,5,-76.277890999999997,36.845496999999995,1510581067374,6.000000000000000,Primary,2017-11-13 13:51:07.374,2017-11-13 08:58:01
3246,/home/jeff/Documents/research/waze_proj/data/13.10.2017.17.30.01.json,"Norfolk, VA",HAZARD_WEATHER_FLOOD,6592c92c-b867-3d8d-aa91-8b7203a86355,0,1,7,-76.277109999999993,36.847964000000005,1507928255883,6.000000000000000,Primary,2017-10-13 20:57:35.883,2017-10-13 17:30:01
3247,/home/jeff/Documents/research/waze_proj/data/13.10.2017.17.30.01.json,"Norfolk, VA",HAZARD_WEATHER_FLOOD,c8831f04-d00a-3f52-9ead-e68fd0b736f3,3,1,7,-76.277268999999990,36.848008000000000,1507929211938,6.000000000000000,Primary,2017-10-13 21:13:31.938,2017-10-13 17:30:01
3248,/home/jeff/Documents/research/waze_proj/data/13.10.2017.17.30.01.json,"Norfolk, VA",HAZARD_WEATHER_FLOOD,f6513c51-1db2-3b34-be3e-ab0ee3b0f559,3,0,5,-76.277850000000001,36.846307000000003,1507929277160,6.000000000000000,Primary,2017-10-13 21:14:37.160,2017-10-13 17:30:01
3257,/home/jeff/Documents/research/waze_proj/data/08.11.2017.13.02.01.json,"Norfolk, VA",HAZARD_WEATHER_FLOOD,6a818854-dde9-301d-80d8-86c33d6f4a6b,3,0,5,-76.277963000000000,36.846365000000006,1510163387541,6.000000000000000,Primary,2017-11-08 17:49:47.541,2017-11-08 13:02:01
3260,/home/jeff/Documents/research/waze_proj/data/08.11.2017.11.55.01.json,"Norfolk, VA",HAZARD_WEATHER_FLOOD,163749e4-5648-3d20-9c9a-f534ca1285bd,1,0,5,-76.282252999999997,36.850127000000001,1510158590026,2.000000000000000,Primary Street,2017-11-08 16:29:50.026,2017-11-08 11:55:01
3270,/home/jeff/Documents/research/waze_proj/data/09.11.2017.13.41.01.json,"Norfolk, VA",HAZARD_WEATHER_FLOOD,c520b127-da2a-3b89-8fde-02922a997f55,1,2,9,-76.276969999999992,36.848784000000002,1510251745296,6.000000000000000,Primary,2017-11-09 18:22:25.296,2017-11-09 13:41:01
3297,/home/jeff/Documents/research/waze_proj/data/09.11.2017.13.29.01.json,"Norfolk, VA",HAZARD_WEATHER_FLOOD,c520b127-da2a-3b89-8fde-02922a997f55,1,0,6,-76.276969999999992,36.848784000000002,1510251745296,6.000000000000000,Primary,2017-11-09 18:22:25.296,2017-11-09 13:29:01
3319,/home/jeff/Documents/research/waze_proj/data/13.10.2017.16.13.01.json,"Norfolk, VA",HAZARD_WEATHER_FLOOD,bc79e9eb-ca57-3ab6-9231-4e73cf18769c,4,0,6,-76.277288999999996,36.847955999999996,1507925144470,6.000000000000000,Primary,2017-10-13 20:05:44.470,2017-10-13 16:13:01
3393,/home/jeff/Documents/research/waze_proj/data/08.11.2017.11.42.01.json,"Norfolk, VA",HAZARD_WEATHER_FLOOD,163749e4-5648-3d20-9c9a-f534ca1285bd,1,0,5,-76.282252999999997,36.850127000000001,1510158590026,2.000000000000000,Primary Street,2017-11-08 16:29:50.026,2017-11-08 11:42:01
3420,/home/jeff/Documents/research/waze_proj/data/08.11.2017.13.19.01.json,"Norfolk, VA",HAZARD_WEATHER_FLOOD,6a818854-dde9-301d-80d8-86c33d6f4a6b,3,0,5,-76.277963000000000,36.846365000000006,1510163387541,6.000000000000000,Primary,2017-11-08 17:49:47.541,2017-11-08 13:19:01
3422,/home/jeff/Documents/research/waze_proj/data/12.08.2017.11.15.01.json,"Norfolk, VA",HAZARD_WEATHER_FLOOD,dad6d256-a898-3922-be3b-a6a237497a2c,2,0,5,-76.273868999999991,36.854424000000002,1502549364179,6.000000000000000,Primary,2017-08-12 14:49:24.179,2017-08-12 11:15:01
3489,/home/jeff/Documents/research/waze_proj/data/13.11.2017.09.08.01.json,"Norfolk, VA",HAZARD_WEATHER_FLOOD,8bea3dee-bc3a-3c8f-a5e7-48bc550f1684,3,0,5,-76.277890999999997,36.845496999999995,1510581067374,6.000000000000000,Primary,2017-11-13 13:51:07.374,2017-11-13 09:08:01
3510,/home/jeff/Documents/research/waze_proj/data/13.10.2017.17.01.01.json,"Norfolk, VA",HAZARD_WEATHER_FLOOD,6592c92c-b867-3d8d-aa91-8b7203a86355,0,0,5,-76.277109999999993,36.847964000000005,1507928255883,6.000000000000000,Primary,2017-10-13 20:57:35.883,2017-10-13 17:01:01
3515,/home/jeff/Documents/research/waze_proj/data/13.10.2017.18.44.01.json,"Norfolk, VA",HAZARD_WEATHER_FLOOD,cf9962ff-ff7f-350f-8f76-c26af02445bf,1,0,5,-76.278222999999997,36.845962000000000,1507934001037,7.000000000000000,Secondary,2017-10-13 22:33:21.037,2017-10-13 18:44:01
3540,/home/jeff/Documents/research/waze_proj/data/13.10.2017.17.18.01.json,"Norfolk, VA",HAZARD_WEATHER_FLOOD,6592c92c-b867-3d8d-aa91-8b7203a86355,0,0,5,-76.277109999999993,36.847964000000005,1507928255883,6.000000000000000,Primary,2017-10-13 20:57:35.883,2017-10-13 17:18:01
3541,/home/jeff/Documents/research/waze_proj/data/13.10.2017.17.18.01.json,"Norfolk, VA",HAZARD_WEATHER_FLOOD,c8831f04-d00a-3f52-9ead-e68fd0b736f3,3,0,6,-76.277268999999990,36.848008000000000,1507929211938,6.000000000000000,Primary,2017-10-13 21:13:31.938,2017-10-13 17:18:01
3542,/home/jeff/Documents/research/waze_proj/data/13.10.2017.17.18.01.json,"Norfolk, VA",HAZARD_WEATHER_FLOOD,f6513c51-1db2-3b34-be3e-ab0ee3b0f559,3,0,5,-76.277850000000001,36.846307000000003,1507929277160,6.000000000000000,Primary,2017-10-13 21:14:37.160,2017-10-13 17:18:01
3545,/home/jeff/Documents/research/waze_proj/data/13.10.2017.18.46.01.json,"Norfolk, VA",HAZARD_WEATHER_FLOOD,cf9962ff-ff7f-350f-8f76-c26af02445bf,1,0,5,-76.278222999999997,36.845962000000000,1507934001037,7.000000000000000,Secondary,2017-10-13 22:33:21.037,2017-10-13 18:46:01
3559,/home/jeff/Documents/research/waze_proj/data/12.08.2017.10.56.01.json,"Norfolk, VA",HAZARD_WEATHER_FLOOD,dad6d256-a898-3922-be3b-a6a237497a2c,2,0,5,-76.273868999999991,36.854424000000002,1502549364179,6.000000000000000,Primary,2017-08-12 14:49:24.179,2017-08-12 10:56:01
3621,/home/jeff/Documents/research/waze_proj/data/13.10.2017.17.03.01.json,"Norfolk, VA",HAZARD_WEATHER_FLOOD,6592c92c-b867-3d8d-aa91-8b7203a86355,0,0,5,-76.277109999999993,36.847964000000005,1507928255883,6.000000000000000,Primary,2017-10-13 20:57:35.883,2017-10-13 17:03:01
3651,/home/jeff/Documents/research/waze_proj/data/13.10.2017.17.12.01.json,"Norfolk, VA",HAZARD_WEATHER_FLOOD,6592c92c-b867-3d8d-aa91-8b7203a86355,0,0,5,-76.277109999999993,36.847964000000005,1507928255883,6.000000000000000,Primary,2017-10-13 20:57:35.883,2017-10-13 17:12:01
3667,/home/jeff/Documents/research/waze_proj/data/13.10.2017.16.23.01.json,"Norfolk, VA",HAZARD_WEATHER_FLOOD,bc79e9eb-ca57-3ab6-9231-4e73cf18769c,4,1,7,-76.277288999999996,36.847955999999996,1507925144470,6.000000000000000,Primary,2017-10-13 20:05:44.470,2017-10-13 16:23:01
3677,/home/jeff/Documents/research/waze_proj/data/12.08.2017.10.50.01.json,"Norfolk, VA",HAZARD_WEATHER_FLOOD,dad6d256-a898-3922-be3b-a6a237497a2c,2,0,5,-76.273868999999991,36.854424000000002,1502549364179,6.000000000000000,Primary,2017-08-12 14:49:24.179,2017-08-12 10:50:01
3684,/home/jeff/Documents/research/waze_proj/data/13.10.2017.17.06.01.json,"Norfolk, VA",HAZARD_WEATHER_FLOOD,6592c92c-b867-3d8d-aa91-8b7203a86355,0,0,5,-76.277109999999993,36.847964000000005,1507928255883,6.000000000000000,Primary,2017-10-13 20:57:35.883,2017-10-13 17:06:01
3697,/home/jeff/Documents/research/waze_proj/data/13.10.2017.17.07.01.json,"Norfolk, VA",HAZARD_WEATHER_FLOOD,6592c92c-b867-3d8d-aa91-8b7203a86355,0,0,5,-76.277109999999993,36.847964000000005,1507928255883,6.000000000000000,Primary,2017-10-13 20:57:35.883,2017-10-13 17:07:01
3732,/home/jeff/Documents/research/waze_proj/data/13.10.2017.18.50.01.json,"Norfolk, VA",HAZARD_WEATHER_FLOOD,cf9962ff-ff7f-350f-8f76-c26af02445bf,1,0,5,-76.278222999999997,36.845962000000000,1507934001037,7.000000000000000,Secondary,2017-10-13 22:33:21.037,2017-10-13 18:50:01
3815,/home/jeff/Documents/research/waze_proj/data/13.11.2017.09.07.01.json,"Norfolk, VA",HAZARD_WEATHER_FLOOD,8bea3dee-bc3a-3c8f-a5e7-48bc550f1684,3,0,5,-76.277890999999997,36.845496999999995,1510581067374,6.000000000000000,Primary,2017-11-13 13:51:07.374,2017-11-13 09:07:01
3828,/home/jeff/Documents/research/waze_proj/data/09.11.2017.13.55.01.json,"Norfolk, VA",HAZARD_WEATHER_FLOOD,c520b127-da2a-3b89-8fde-02922a997f55,1,3,10,-76.276969999999992,36.848784000000002,1510251745296,6.000000000000000,Primary,2017-11-09 18:22:25.296,2017-11-09 13:55:01
3840,/home/jeff/Documents/research/waze_proj/data/12.08.2017.11.11.01.json,"Norfolk, VA",HAZARD_WEATHER_FLOOD,dad6d256-a898-3922-be3b-a6a237497a2c,2,0,5,-76.273868999999991,36.854424000000002,1502549364179,6.000000000000000,Primary,2017-08-12 14:49:24.179,2017-08-12 11:11:01
3851,/home/jeff/Documents/research/waze_proj/data/13.10.2017.17.38.01.json,"Norfolk, VA",HAZARD_WEATHER_FLOOD,6592c92c-b867-3d8d-aa91-8b7203a86355,0,1,7,-76.277109999999993,36.847964000000005,1507928255883,6.000000000000000,Primary,2017-10-13 20:57:35.883,2017-10-13 17:38:01
3852,/home/jeff/Documents/research/waze_proj/data/13.10.2017.17.38.01.json,"Norfolk, VA",HAZARD_WEATHER_FLOOD,c8831f04-d00a-3f52-9ead-e68fd0b736f3,3,1,8,-76.277268999999990,36.848008000000000,1507929211938,6.000000000000000,Primary,2017-10-13 21:13:31.938,2017-10-13 17:38:01
3853,/home/jeff/Documents/research/waze_proj/data/13.10.2017.17.38.01.json,"Norfolk, VA",HAZARD_WEATHER_FLOOD,f6513c51-1db2-3b34-be3e-ab0ee3b0f559,3,0,5,-76.277850000000001,36.846307000000003,1507929277160,6.000000000000000,Primary,2017-10-13 21:14:37.160,2017-10-13 17:38:01
3868,/home/jeff/Documents/research/waze_proj/data/09.11.2017.13.37.01.json,"Norfolk, VA",HAZARD_WEATHER_FLOOD,c520b127-da2a-3b89-8fde-02922a997f55,1,2,9,-76.276969999999992,36.848784000000002,1510251745296,6.000000000000000,Primary,2017-11-09 18:22:25.296,2017-11-09 13:37:01
3877,/home/jeff/Documents/research/waze_proj/data/13.10.2017.16.08.01.json,"Norfolk, VA",HAZARD_WEATHER_FLOOD,bc79e9eb-ca57-3ab6-9231-4e73cf18769c,4,0,5,-76.277288999999996,36.847955999999996,1507925144470,6.000000000000000,Primary,2017-10-13 20:05:44.470,2017-10-13 16:08:01
3890,/home/jeff/Documents/research/waze_proj/data/08.11.2017.13.00.01.json,"Norfolk, VA",HAZARD_WEATHER_FLOOD,6a818854-dde9-301d-80d8-86c33d6f4a6b,3,0,5,-76.277963000000000,36.846365000000006,1510163387541,6.000000000000000,Primary,2017-11-08 17:49:47.541,2017-11-08 13:00:01
3934,/home/jeff/Documents/research/waze_proj/data/08.11.2017.11.58.01.json,"Norfolk, VA",HAZARD_WEATHER_FLOOD,163749e4-5648-3d20-9c9a-f534ca1285bd,1,0,5,-76.282252999999997,36.850127000000001,1510158590026,2.000000000000000,Primary Street,2017-11-08 16:29:50.026,2017-11-08 11:58:01
3940,/home/jeff/Documents/research/waze_proj/data/12.08.2017.10.53.01.json,"Norfolk, VA",HAZARD_WEATHER_FLOOD,dad6d256-a898-3922-be3b-a6a237497a2c,2,0,5,-76.273868999999991,36.854424000000002,1502549364179,6.000000000000000,Primary,2017-08-12 14:49:24.179,2017-08-12 10:53:01
3964,/home/jeff/Documents/research/waze_proj/data/08.11.2017.13.04.01.json,"Norfolk, VA",HAZARD_WEATHER_FLOOD,6a818854-dde9-301d-80d8-86c33d6f4a6b,3,0,5,-76.277963000000000,36.846365000000006,1510163387541,6.000000000000000,Primary,2017-11-08 17:49:47.541,2017-11-08 13:04:01
3974,/home/jeff/Documents/research/waze_proj/data/13.11.2017.08.59.01.json,"Norfolk, VA",HAZARD_WEATHER_FLOOD,8bea3dee-bc3a-3c8f-a5e7-48bc550f1684,3,0,5,-76.277890999999997,36.845496999999995,1510581067374,6.000000000000000,Primary,2017-11-13 13:51:07.374,2017-11-13 08:59:01
3989,/home/jeff/Documents/research/waze_proj/data/12.08.2017.10.54.01.json,"Norfolk, VA",HAZARD_WEATHER_FLOOD,dad6d256-a898-3922-be3b-a6a237497a2c,2,0,5,-76.273868999999991,36.854424000000002,1502549364179,6.000000000000000,Primary,2017-08-12 14:49:24.179,2017-08-12 10:54:01
4030,/home/jeff/Documents/research/waze_proj/data/13.10.2017.17.16.01.json,"Norfolk, VA",HAZARD_WEATHER_FLOOD,6592c92c-b867-3d8d-aa91-8b7203a86355,0,0,5,-76.277109999999993,36.847964000000005,1507928255883,6.000000000000000,Primary,2017-10-13 20:57:35.883,2017-10-13 17:16:01
4031,/home/jeff/Documents/research/waze_proj/data/13.10.2017.17.16.01.json,"Norfolk, VA",HAZARD_WEATHER_FLOOD,c8831f04-d00a-3f52-9ead-e68fd0b736f3,3,0,6,-76.277268999999990,36.848008000000000,1507929211938,6.000000000000000,Primary,2017-10-13 21:13:31.938,2017-10-13 17:16:01
4032,/home/jeff/Documents/research/waze_proj/data/13.10.2017.17.16.01.json,"Norfolk, VA",HAZARD_WEATHER_FLOOD,f6513c51-1db2-3b34-be3e-ab0ee3b0f559,3,0,5,-76.277850000000001,36.846307000000003,1507929277160,6.000000000000000,Primary,2017-10-13 21:14:37.160,2017-10-13 17:16:01
4080,/home/jeff/Documents/research/waze_proj/data/13.10.2017.16.28.01.json,"Norfolk, VA",HAZARD_WEATHER_FLOOD,bc79e9eb-ca57-3ab6-9231-4e73cf18769c,4,1,8,-76.277288999999996,36.847955999999996,1507925144470,6.000000000000000,Primary,2017-10-13 20:05:44.470,2017-10-13 16:28:01
4105,/home/jeff/Documents/research/waze_proj/data/13.10.2017.16.49.01.json,"Norfolk, VA",HAZARD_WEATHER_FLOOD,bc79e9eb-ca57-3ab6-9231-4e73cf18769c,4,2,9,-76.277288999999996,36.847955999999996,1507925144470,6.000000000000000,Primary,2017-10-13 20:05:44.470,2017-10-13 16:49:01
4134,/home/jeff/Documents/research/waze_proj/data/13.10.2017.16.15.01.json,"Norfolk, VA",HAZARD_WEATHER_FLOOD,bc79e9eb-ca57-3ab6-9231-4e73cf18769c,4,0,6,-76.277288999999996,36.847955999999996,1507925144470,6.000000000000000,Primary,2017-10-13 20:05:44.470,2017-10-13 16:15:01
4181,/home/jeff/Documents/research/waze_proj/data/09.11.2017.13.25.01.json,"Norfolk, VA",HAZARD_WEATHER_FLOOD,c520b127-da2a-3b89-8fde-02922a997f55,1,0,6,-76.276969999999992,36.848784000000002,1510251745296,6.000000000000000,Primary,2017-11-09 18:22:25.296,2017-11-09 13:25:01
4221,/home/jeff/Documents/research/waze_proj/data/13.10.2017.17.31.01.json,"Norfolk, VA",HAZARD_WEATHER_FLOOD,6592c92c-b867-3d8d-aa91-8b7203a86355,0,1,7,-76.277109999999993,36.847964000000005,1507928255883,6.000000000000000,Primary,2017-10-13 20:57:35.883,2017-10-13 17:31:01
4222,/home/jeff/Documents/research/waze_proj/data/13.10.2017.17.31.01.json,"Norfolk, VA",HAZARD_WEATHER_FLOOD,c8831f04-d00a-3f52-9ead-e68fd0b736f3,3,1,8,-76.277268999999990,36.848008000000000,1507929211938,6.000000000000000,Primary,2017-10-13 21:13:31.938,2017-10-13 17:31:01
4223,/home/jeff/Documents/research/waze_proj/data/13.10.2017.17.31.01.json,"Norfolk, VA",HAZARD_WEATHER_FLOOD,f6513c51-1db2-3b34-be3e-ab0ee3b0f559,3,0,5,-76.277850000000001,36.846307000000003,1507929277160,6.000000000000000,Primary,2017-10-13 21:14:37.160,2017-10-13 17:31:01
4236,/home/jeff/Documents/research/waze_proj/data/08.11.2017.12.57.01.json,"Norfolk, VA",HAZARD_WEATHER_FLOOD,6a818854-dde9-301d-80d8-86c33d6f4a6b,3,0,5,-76.277963000000000,36.846365000000006,1510163387541,6.000000000000000,Primary,2017-11-08 17:49:47.541,2017-11-08 12:57:01
4266,/home/jeff/Documents/research/waze_proj/data/08.11.2017.11.57.01.json,"Norfolk, VA",HAZARD_WEATHER_FLOOD,163749e4-5648-3d20-9c9a-f534ca1285bd,1,0,5,-76.282252999999997,36.850127000000001,1510158590026,2.000000000000000,Primary Street,2017-11-08 16:29:50.026,2017-11-08 11:57:01
4352,/home/jeff/Documents/research/waze_proj/data/08.11.2017.11.59.01.json,"Norfolk, VA",HAZARD_WEATHER_FLOOD,163749e4-5648-3d20-9c9a-f534ca1285bd,1,0,5,-76.282252999999997,36.850127000000001,1510158590026,2.000000000000000,Primary Street,2017-11-08 16:29:50.026,2017-11-08 11:59:01
4369,/home/jeff/Documents/research/waze_proj/data/09.11.2017.13.28.01.json,"Norfolk, VA",HAZARD_WEATHER_FLOOD,c520b127-da2a-3b89-8fde-02922a997f55,1,0,6,-76.276969999999992,36.848784000000002,1510251745296,6.000000000000000,Primary,2017-11-09 18:22:25.296,2017-11-09 13:28:01
4425,/home/jeff/Documents/research/waze_proj/data/08.11.2017.11.49.01.json,"Norfolk, VA",HAZARD_WEATHER_FLOOD,163749e4-5648-3d20-9c9a-f534ca1285bd,1,0,5,-76.282252999999997,36.850127000000001,1510158590026,2.000000000000000,Primary Street,2017-11-08 16:29:50.026,2017-11-08 11:49:01
4432,/home/jeff/Documents/research/waze_proj/data/13.10.2017.19.00.02.json,"Norfolk, VA",HAZARD_WEATHER_FLOOD,cf9962ff-ff7f-350f-8f76-c26af02445bf,1,0,5,-76.278222999999997,36.845962000000000,1507934001037,7.000000000000000,Secondary,2017-10-13 22:33:21.037,2017-10-13 19:00:02
4481,/home/jeff/Documents/research/waze_proj/data/08.11.2017.12.51.01.json,"Norfolk, VA",HAZARD_WEATHER_FLOOD,6a818854-dde9-301d-80d8-86c33d6f4a6b,3,0,5,-76.277963000000000,36.846365000000006,1510163387541,6.000000000000000,Primary,2017-11-08 17:49:47.541,2017-11-08 12:51:01
4512,/home/jeff/Documents/research/waze_proj/data/13.10.2017.17.23.01.json,"Norfolk, VA",HAZARD_WEATHER_FLOOD,6592c92c-b867-3d8d-aa91-8b7203a86355,0,0,6,-76.277109999999993,36.847964000000005,1507928255883,6.000000000000000,Primary,2017-10-13 20:57:35.883,2017-10-13 17:23:01
4513,/home/jeff/Documents/research/waze_proj/data/13.10.2017.17.23.01.json,"Norfolk, VA",HAZARD_WEATHER_FLOOD,c8831f04-d00a-3f52-9ead-e68fd0b736f3,3,0,6,-76.277268999999990,36.848008000000000,1507929211938,6.000000000000000,Primary,2017-10-13 21:13:31.938,2017-10-13 17:23:01
4514,/home/jeff/Documents/research/waze_proj/data/13.10.2017.17.23.01.json,"Norfolk, VA",HAZARD_WEATHER_FLOOD,f6513c51-1db2-3b34-be3e-ab0ee3b0f559,3,0,5,-76.277850000000001,36.846307000000003,1507929277160,6.000000000000000,Primary,2017-10-13 21:14:37.160,2017-10-13 17:23:01
4523,/home/jeff/Documents/research/waze_proj/data/13.11.2017.08.53.01.json,"Norfolk, VA",HAZARD_WEATHER_FLOOD,8bea3dee-bc3a-3c8f-a5e7-48bc550f1684,3,0,5,-76.277890999999997,36.845496999999995,1510581067374,6.000000000000000,Primary,2017-11-13 13:51:07.374,2017-11-13 08:53:01
4548,/home/jeff/Documents/research/waze_proj/data/13.10.2017.18.45.01.json,"Norfolk, VA",HAZARD_WEATHER_FLOOD,cf9962ff-ff7f-350f-8f76-c26af02445bf,1,0,5,-76.278222999999997,36.845962000000000,1507934001037,7.000000000000000,Secondary,2017-10-13 22:33:21.037,2017-10-13 18:45:01
4556,/home/jeff/Documents/research/waze_proj/data/13.11.2017.09.13.01.json,"Norfolk, VA",HAZARD_WEATHER_FLOOD,8bea3dee-bc3a-3c8f-a5e7-48bc550f1684,3,0,6,-76.277890999999997,36.845496999999995,1510581067374,6.000000000000000,Primary,2017-11-13 13:51:07.374,2017-11-13 09:13:01
4571,/home/jeff/Documents/research/waze_proj/data/12.08.2017.10.51.01.json,"Norfolk, VA",HAZARD_WEATHER_FLOOD,dad6d256-a898-3922-be3b-a6a237497a2c,2,0,5,-76.273868999999991,36.854424000000002,1502549364179,6.000000000000000,Primary,2017-08-12 14:49:24.179,2017-08-12 10:51:01
4578,/home/jeff/Documents/research/waze_proj/data/13.10.2017.16.43.01.json,"Norfolk, VA",HAZARD_WEATHER_FLOOD,bc79e9eb-ca57-3ab6-9231-4e73cf18769c,4,2,9,-76.277288999999996,36.847955999999996,1507925144470,6.000000000000000,Primary,2017-10-13 20:05:44.470,2017-10-13 16:43:01
4594,/home/jeff/Documents/research/waze_proj/data/12.08.2017.11.01.01.json,"Norfolk, VA",HAZARD_WEATHER_FLOOD,dad6d256-a898-3922-be3b-a6a237497a2c,2,0,5,-76.273868999999991,36.854424000000002,1502549364179,6.000000000000000,Primary,2017-08-12 14:49:24.179,2017-08-12 11:01:01
4627,/home/jeff/Documents/research/waze_proj/data/08.11.2017.13.14.01.json,"Norfolk, VA",HAZARD_WEATHER_FLOOD,6a818854-dde9-301d-80d8-86c33d6f4a6b,3,0,5,-76.277963000000000,36.846365000000006,1510163387541,6.000000000000000,Primary,2017-11-08 17:49:47.541,2017-11-08 13:14:01
4632,/home/jeff/Documents/research/waze_proj/data/12.08.2017.11.00.01.json,"Norfolk, VA",HAZARD_WEATHER_FLOOD,dad6d256-a898-3922-be3b-a6a237497a2c,2,0,5,-76.273868999999991,36.854424000000002,1502549364179,6.000000000000000,Primary,2017-08-12 14:49:24.179,2017-08-12 11:00:01
4722,/home/jeff/Documents/research/waze_proj/data/13.10.2017.16.31.01.json,"Norfolk, VA",HAZARD_WEATHER_FLOOD,bc79e9eb-ca57-3ab6-9231-4e73cf18769c,4,1,8,-76.277288999999996,36.847955999999996,1507925144470,6.000000000000000,Primary,2017-10-13 20:05:44.470,2017-10-13 16:31:01
4779,/home/jeff/Documents/research/waze_proj/data/08.11.2017.13.11.01.json,"Norfolk, VA",HAZARD_WEATHER_FLOOD,6a818854-dde9-301d-80d8-86c33d6f4a6b,3,0,5,-76.277963000000000,36.846365000000006,1510163387541,6.000000000000000,Primary,2017-11-08 17:49:47.541,2017-11-08 13:11:01
4787,/home/jeff/Documents/research/waze_proj/data/13.10.2017.17.29.01.json,"Norfolk, VA",HAZARD_WEATHER_FLOOD,6592c92c-b867-3d8d-aa91-8b7203a86355,0,1,7,-76.277109999999993,36.847964000000005,1507928255883,6.000000000000000,Primary,2017-10-13 20:57:35.883,2017-10-13 17:29:01
4788,/home/jeff/Documents/research/waze_proj/data/13.10.2017.17.29.01.json,"Norfolk, VA",HAZARD_WEATHER_FLOOD,c8831f04-d00a-3f52-9ead-e68fd0b736f3,3,1,7,-76.277268999999990,36.848008000000000,1507929211938,6.000000000000000,Primary,2017-10-13 21:13:31.938,2017-10-13 17:29:01
4789,/home/jeff/Documents/research/waze_proj/data/13.10.2017.17.29.01.json,"Norfolk, VA",HAZARD_WEATHER_FLOOD,f6513c51-1db2-3b34-be3e-ab0ee3b0f559,3,0,5,-76.277850000000001,36.846307000000003,1507929277160,6.000000000000000,Primary,2017-10-13 21:14:37.160,2017-10-13 17:29:01
4825,/home/jeff/Documents/research/waze_proj/data/13.10.2017.17.14.01.json,"Norfolk, VA",HAZARD_WEATHER_FLOOD,6592c92c-b867-3d8d-aa91-8b7203a86355,0,0,5,-76.277109999999993,36.847964000000005,1507928255883,6.000000000000000,Primary,2017-10-13 20:57:35.883,2017-10-13 17:14:01
4826,/home/jeff/Documents/research/waze_proj/data/13.10.2017.17.14.01.json,"Norfolk, VA",HAZARD_WEATHER_FLOOD,c8831f04-d00a-3f52-9ead-e68fd0b736f3,3,0,5,-76.277268999999990,36.848008000000000,1507929211938,6.000000000000000,Primary,2017-10-13 21:13:31.938,2017-10-13 17:14:01
4858,/home/jeff/Documents/research/waze_proj/data/12.08.2017.10.55.01.json,"Norfolk, VA",HAZARD_WEATHER_FLOOD,dad6d256-a898-3922-be3b-a6a237497a2c,2,0,5,-76.273868999999991,36.854424000000002,1502549364179,6.000000000000000,Primary,2017-08-12 14:49:24.179,2017-08-12 10:55:01
4889,/home/jeff/Documents/research/waze_proj/data/13.10.2017.17.33.01.json,"Norfolk, VA",HAZARD_WEATHER_FLOOD,6592c92c-b867-3d8d-aa91-8b7203a86355,0,1,7,-76.277109999999993,36.847964000000005,1507928255883,6.000000000000000,Primary,2017-10-13 20:57:35.883,2017-10-13 17:33:01
4890,/home/jeff/Documents/research/waze_proj/data/13.10.2017.17.33.01.json,"Norfolk, VA",HAZARD_WEATHER_FLOOD,c8831f04-d00a-3f52-9ead-e68fd0b736f3,3,1,8,-76.277268999999990,36.848008000000000,1507929211938,6.000000000000000,Primary,2017-10-13 21:13:31.938,2017-10-13 17:33:01
4891,/home/jeff/Documents/research/waze_proj/data/13.10.2017.17.33.01.json,"Norfolk, VA",HAZARD_WEATHER_FLOOD,f6513c51-1db2-3b34-be3e-ab0ee3b0f559,3,0,5,-76.277850000000001,36.846307000000003,1507929277160,6.000000000000000,Primary,2017-10-13 21:14:37.160,2017-10-13 17:33:01
4917,/home/jeff/Documents/research/waze_proj/data/13.10.2017.17.11.01.json,"Norfolk, VA",HAZARD_WEATHER_FLOOD,6592c92c-b867-3d8d-aa91-8b7203a86355,0,0,5,-76.277109999999993,36.847964000000005,1507928255883,6.000000000000000,Primary,2017-10-13 20:57:35.883,2017-10-13 17:11:01
4961,/home/jeff/Documents/research/waze_proj/data/13.10.2017.16.19.01.json,"Norfolk, VA",HAZARD_WEATHER_FLOOD,bc79e9eb-ca57-3ab6-9231-4e73cf18769c,4,0,6,-76.277288999999996,36.847955999999996,1507925144470,6.000000000000000,Primary,2017-10-13 20:05:44.470,2017-10-13 16:19:01
4982,/home/jeff/Documents/research/waze_proj/data/13.10.2017.17.05.01.json,"Norfolk, VA",HAZARD_WEATHER_FLOOD,6592c92c-b867-3d8d-aa91-8b7203a86355,0,0,5,-76.277109999999993,36.847964000000005,1507928255883,6.000000000000000,Primary,2017-10-13 20:57:35.883,2017-10-13 17:05:01
4999,/home/jeff/Documents/research/waze_proj/data/08.11.2017.11.37.01.json,"Norfolk, VA",HAZARD_WEATHER_FLOOD,163749e4-5648-3d20-9c9a-f534ca1285bd,1,0,5,-76.282252999999997,36.850127000000001,1510158590026,2.000000000000000,Primary Street,2017-11-08 16:29:50.026,2017-11-08 11:37:01
5003,/home/jeff/Documents/research/waze_proj/data/08.11.2017.12.58.01.json,"Norfolk, VA",HAZARD_WEATHER_FLOOD,6a818854-dde9-301d-80d8-86c33d6f4a6b,3,0,5,-76.277963000000000,36.846365000000006,1510163387541,6.000000000000000,Primary,2017-11-08 17:49:47.541,2017-11-08 12:58:01
5021,/home/jeff/Documents/research/waze_proj/data/08.11.2017.11.54.01.json,"Norfolk, VA",HAZARD_WEATHER_FLOOD,163749e4-5648-3d20-9c9a-f534ca1285bd,1,0,5,-76.282252999999997,36.850127000000001,1510158590026,2.000000000000000,Primary Street,2017-11-08 16:29:50.026,2017-11-08 11:54:01
5042,/home/jeff/Documents/research/waze_proj/data/13.10.2017.18.49.01.json,"Norfolk, VA",HAZARD_WEATHER_FLOOD,cf9962ff-ff7f-350f-8f76-c26af02445bf,1,0,5,-76.278222999999997,36.845962000000000,1507934001037,7.000000000000000,Secondary,2017-10-13 22:33:21.037,2017-10-13 18:49:01
5051,/home/jeff/Documents/research/waze_proj/data/08.11.2017.13.08.01.json,"Norfolk, VA",HAZARD_WEATHER_FLOOD,6a818854-dde9-301d-80d8-86c33d6f4a6b,3,0,5,-76.277963000000000,36.846365000000006,1510163387541,6.000000000000000,Primary,2017-11-08 17:49:47.541,2017-11-08 13:08:01
5103,/home/jeff/Documents/research/waze_proj/data/08.11.2017.11.43.01.json,"Norfolk, VA",HAZARD_WEATHER_FLOOD,163749e4-5648-3d20-9c9a-f534ca1285bd,1,0,5,-76.282252999999997,36.850127000000001,1510158590026,2.000000000000000,Primary Street,2017-11-08 16:29:50.026,2017-11-08 11:43:01
5145,/home/jeff/Documents/research/waze_proj/data/08.11.2017.13.10.01.json,"Norfolk, VA",HAZARD_WEATHER_FLOOD,6a818854-dde9-301d-80d8-86c33d6f4a6b,3,0,5,-76.277963000000000,36.846365000000006,1510163387541,6.000000000000000,Primary,2017-11-08 17:49:47.541,2017-11-08 13:10:01
5154,/home/jeff/Documents/research/waze_proj/data/09.11.2017.13.45.01.json,"Norfolk, VA",HAZARD_WEATHER_FLOOD,c520b127-da2a-3b89-8fde-02922a997f55,1,3,10,-76.276969999999992,36.848784000000002,1510251745296,6.000000000000000,Primary,2017-11-09 18:22:25.296,2017-11-09 13:45:01
5356,/home/jeff/Documents/research/waze_proj/data/12.08.2017.11.04.01.json,"Norfolk, VA",HAZARD_WEATHER_FLOOD,dad6d256-a898-3922-be3b-a6a237497a2c,2,0,5,-76.273868999999991,36.854424000000002,1502549364179,6.000000000000000,Primary,2017-08-12 14:49:24.179,2017-08-12 11:04:01
5403,/home/jeff/Documents/research/waze_proj/data/13.11.2017.09.10.01.json,"Norfolk, VA",HAZARD_WEATHER_FLOOD,8bea3dee-bc3a-3c8f-a5e7-48bc550f1684,3,0,6,-76.277890999999997,36.845496999999995,1510581067374,6.000000000000000,Primary,2017-11-13 13:51:07.374,2017-11-13 09:10:01
5416,/home/jeff/Documents/research/waze_proj/data/09.11.2017.13.32.01.json,"Norfolk, VA",HAZARD_WEATHER_FLOOD,c520b127-da2a-3b89-8fde-02922a997f55,1,1,8,-76.276969999999992,36.848784000000002,1510251745296,6.000000000000000,Primary,2017-11-09 18:22:25.296,2017-11-09 13:32:01
5423,/home/jeff/Documents/research/waze_proj/data/12.08.2017.11.13.01.json,"Norfolk, VA",HAZARD_WEATHER_FLOOD,dad6d256-a898-3922-be3b-a6a237497a2c,2,0,5,-76.273868999999991,36.854424000000002,1502549364179,6.000000000000000,Primary,2017-08-12 14:49:24.179,2017-08-12 11:13:01
5449,/home/jeff/Documents/research/waze_proj/data/13.10.2017.17.04.01.json,"Norfolk, VA",HAZARD_WEATHER_FLOOD,6592c92c-b867-3d8d-aa91-8b7203a86355,0,0,5,-76.277109999999993,36.847964000000005,1507928255883,6.000000000000000,Primary,2017-10-13 20:57:35.883,2017-10-13 17:04:01
5470,/home/jeff/Documents/research/waze_proj/data/13.10.2017.16.29.01.json,"Norfolk, VA",HAZARD_WEATHER_FLOOD,bc79e9eb-ca57-3ab6-9231-4e73cf18769c,4,1,8,-76.277288999999996,36.847955999999996,1507925144470,6.000000000000000,Primary,2017-10-13 20:05:44.470,2017-10-13 16:29:01
5483,/home/jeff/Documents/research/waze_proj/data/08.11.2017.11.45.01.json,"Norfolk, VA",HAZARD_WEATHER_FLOOD,163749e4-5648-3d20-9c9a-f534ca1285bd,1,0,5,-76.282252999999997,36.850127000000001,1510158590026,2.000000000000000,Primary Street,2017-11-08 16:29:50.026,2017-11-08 11:45:01
5493,/home/jeff/Documents/research/waze_proj/data/09.11.2017.13.54.01.json,"Norfolk, VA",HAZARD_WEATHER_FLOOD,c520b127-da2a-3b89-8fde-02922a997f55,1,3,10,-76.276969999999992,36.848784000000002,1510251745296,6.000000000000000,Primary,2017-11-09 18:22:25.296,2017-11-09 13:54:01
5501,/home/jeff/Documents/research/waze_proj/data/09.11.2017.13.35.01.json,"Norfolk, VA",HAZARD_WEATHER_FLOOD,c520b127-da2a-3b89-8fde-02922a997f55,1,2,9,-76.276969999999992,36.848784000000002,1510251745296,6.000000000000000,Primary,2017-11-09 18:22:25.296,2017-11-09 13:35:01
5570,/home/jeff/Documents/research/waze_proj/data/08.11.2017.11.51.01.json,"Norfolk, VA",HAZARD_WEATHER_FLOOD,163749e4-5648-3d20-9c9a-f534ca1285bd,1,0,5,-76.282252999999997,36.850127000000001,1510158590026,2.000000000000000,Primary Street,2017-11-08 16:29:50.026,2017-11-08 11:51:01
5577,/home/jeff/Documents/research/waze_proj/data/08.11.2017.11.33.01.json,"Norfolk, VA",HAZARD_WEATHER_FLOOD,163749e4-5648-3d20-9c9a-f534ca1285bd,1,0,5,-76.282252999999997,36.850127000000001,1510158590026,2.000000000000000,Primary Street,2017-11-08 16:29:50.026,2017-11-08 11:33:01
5588,/home/jeff/Documents/research/waze_proj/data/09.11.2017.13.52.01.json,"Norfolk, VA",HAZARD_WEATHER_FLOOD,c520b127-da2a-3b89-8fde-02922a997f55,1,3,10,-76.276969999999992,36.848784000000002,1510251745296,6.000000000000000,Primary,2017-11-09 18:22:25.296,2017-11-09 13:52:01
5597,/home/jeff/Documents/research/waze_proj/data/13.10.2017.17.45.01.json,"Norfolk, VA",HAZARD_WEATHER_FLOOD,c8831f04-d00a-3f52-9ead-e68fd0b736f3,3,1,8,-76.277268999999990,36.848008000000000,1507929211938,6.000000000000000,Primary,2017-10-13 21:13:31.938,2017-10-13 17:45:01
5598,/home/jeff/Documents/research/waze_proj/data/13.10.2017.17.45.01.json,"Norfolk, VA",HAZARD_WEATHER_FLOOD,f6513c51-1db2-3b34-be3e-ab0ee3b0f559,3,0,5,-76.277850000000001,36.846307000000003,1507929277160,6.000000000000000,Primary,2017-10-13 21:14:37.160,2017-10-13 17:45:01
5617,/home/jeff/Documents/research/waze_proj/data/08.11.2017.11.34.01.json,"Norfolk, VA",HAZARD_WEATHER_FLOOD,163749e4-5648-3d20-9c9a-f534ca1285bd,1,0,5,-76.282252999999997,36.850127000000001,1510158590026,2.000000000000000,Primary Street,2017-11-08 16:29:50.026,2017-11-08 11:34:01
5620,/home/jeff/Documents/research/waze_proj/data/13.11.2017.09.01.01.json,"Norfolk, VA",HAZARD_WEATHER_FLOOD,8bea3dee-bc3a-3c8f-a5e7-48bc550f1684,3,0,5,-76.277890999999997,36.845496999999995,1510581067374,6.000000000000000,Primary,2017-11-13 13:51:07.374,2017-11-13 09:01:01
5623,/home/jeff/Documents/research/waze_proj/data/13.10.2017.18.40.01.json,"Norfolk, VA",HAZARD_WEATHER_FLOOD,cf9962ff-ff7f-350f-8f76-c26af02445bf,1,0,5,-76.278222999999997,36.845962000000000,1507934001037,7.000000000000000,Secondary,2017-10-13 22:33:21.037,2017-10-13 18:40:01
5637,/home/jeff/Documents/research/waze_proj/data/13.10.2017.17.39.01.json,"Norfolk, VA",HAZARD_WEATHER_FLOOD,6592c92c-b867-3d8d-aa91-8b7203a86355,0,1,7,-76.277109999999993,36.847964000000005,1507928255883,6.000000000000000,Primary,2017-10-13 20:57:35.883,2017-10-13 17:39:01
5638,/home/jeff/Documents/research/waze_proj/data/13.10.2017.17.39.01.json,"Norfolk, VA",HAZARD_WEATHER_FLOOD,c8831f04-d00a-3f52-9ead-e68fd0b736f3,3,1,8,-76.277268999999990,36.848008000000000,1507929211938,6.000000000000000,Primary,2017-10-13 21:13:31.938,2017-10-13 17:39:01
5639,/home/jeff/Documents/research/waze_proj/data/13.10.2017.17.39.01.json,"Norfolk, VA",HAZARD_WEATHER_FLOOD,f6513c51-1db2-3b34-be3e-ab0ee3b0f559,3,0,5,-76.277850000000001,36.846307000000003,1507929277160,6.000000000000000,Primary,2017-10-13 21:14:37.160,2017-10-13 17:39:01
5732,/home/jeff/Documents/research/waze_proj/data/09.11.2017.13.42.01.json,"Norfolk, VA",HAZARD_WEATHER_FLOOD,c520b127-da2a-3b89-8fde-02922a997f55,1,2,9,-76.276969999999992,36.848784000000002,1510251745296,6.000000000000000,Primary,2017-11-09 18:22:25.296,2017-11-09 13:42:01
5746,/home/jeff/Documents/research/waze_proj/data/08.11.2017.13.05.01.json,"Norfolk, VA",HAZARD_WEATHER_FLOOD,6a818854-dde9-301d-80d8-86c33d6f4a6b,3,0,5,-76.277963000000000,36.846365000000006,1510163387541,6.000000000000000,Primary,2017-11-08 17:49:47.541,2017-11-08 13:05:01
5789,/home/jeff/Documents/research/waze_proj/data/09.11.2017.13.36.01.json,"Norfolk, VA",HAZARD_WEATHER_FLOOD,c520b127-da2a-3b89-8fde-02922a997f55,1,2,9,-76.276969999999992,36.848784000000002,1510251745296,6.000000000000000,Primary,2017-11-09 18:22:25.296,2017-11-09 13:36:01
5847,/home/jeff/Documents/research/waze_proj/data/13.10.2017.17.25.01.json,"Norfolk, VA",HAZARD_WEATHER_FLOOD,6592c92c-b867-3d8d-aa91-8b7203a86355,0,0,6,-76.277109999999993,36.847964000000005,1507928255883,6.000000000000000,Primary,2017-10-13 20:57:35.883,2017-10-13 17:25:01
5848,/home/jeff/Documents/research/waze_proj/data/13.10.2017.17.25.01.json,"Norfolk, VA",HAZARD_WEATHER_FLOOD,c8831f04-d00a-3f52-9ead-e68fd0b736f3,3,0,6,-76.277268999999990,36.848008000000000,1507929211938,6.000000000000000,Primary,2017-10-13 21:13:31.938,2017-10-13 17:25:01
5849,/home/jeff/Documents/research/waze_proj/data/13.10.2017.17.25.01.json,"Norfolk, VA",HAZARD_WEATHER_FLOOD,f6513c51-1db2-3b34-be3e-ab0ee3b0f559,3,0,5,-76.277850000000001,36.846307000000003,1507929277160,6.000000000000000,Primary,2017-10-13 21:14:37.160,2017-10-13 17:25:01
5866,/home/jeff/Documents/research/waze_proj/data/13.10.2017.16.20.01.json,"Norfolk, VA",HAZARD_WEATHER_FLOOD,bc79e9eb-ca57-3ab6-9231-4e73cf18769c,4,0,6,-76.277288999999996,36.847955999999996,1507925144470,6.000000000000000,Primary,2017-10-13 20:05:44.470,2017-10-13 16:20:01
5890,/home/jeff/Documents/research/waze_proj/data/08.11.2017.11.36.01.json,"Norfolk, VA",HAZARD_WEATHER_FLOOD,163749e4-5648-3d20-9c9a-f534ca1285bd,1,0,5,-76.282252999999997,36.850127000000001,1510158590026,2.000000000000000,Primary Street,2017-11-08 16:29:50.026,2017-11-08 11:36:01
5926,/home/jeff/Documents/research/waze_proj/data/13.11.2017.08.54.01.json,"Norfolk, VA",HAZARD_WEATHER_FLOOD,8bea3dee-bc3a-3c8f-a5e7-48bc550f1684,3,0,5,-76.277890999999997,36.845496999999995,1510581067374,6.000000000000000,Primary,2017-11-13 13:51:07.374,2017-11-13 08:54:01
5950,/home/jeff/Documents/research/waze_proj/data/13.10.2017.16.44.02.json,"Norfolk, VA",HAZARD_WEATHER_FLOOD,bc79e9eb-ca57-3ab6-9231-4e73cf18769c,4,2,9,-76.277288999999996,36.847955999999996,1507925144470,6.000000000000000,Primary,2017-10-13 20:05:44.470,2017-10-13 16:44:02
6014,/home/jeff/Documents/research/waze_proj/data/13.11.2017.08.55.01.json,"Norfolk, VA",HAZARD_WEATHER_FLOOD,8bea3dee-bc3a-3c8f-a5e7-48bc550f1684,3,0,5,-76.277890999999997,36.845496999999995,1510581067374,6.000000000000000,Primary,2017-11-13 13:51:07.374,2017-11-13 08:55:01
6097,/home/jeff/Documents/research/waze_proj/data/12.08.2017.11.02.01.json,"Norfolk, VA",HAZARD_WEATHER_FLOOD,dad6d256-a898-3922-be3b-a6a237497a2c,2,0,5,-76.273868999999991,36.854424000000002,1502549364179,6.000000000000000,Primary,2017-08-12 14:49:24.179,2017-08-12 11:02:01
6105,/home/jeff/Documents/research/waze_proj/data/09.11.2017.13.59.01.json,"Norfolk, VA",HAZARD_WEATHER_FLOOD,c520b127-da2a-3b89-8fde-02922a997f55,1,3,10,-76.276969999999992,36.848784000000002,1510251745296,6.000000000000000,Primary,2017-11-09 18:22:25.296,2017-11-09 13:59:01
6182,/home/jeff/Documents/research/waze_proj/data/13.10.2017.16.10.01.json,"Norfolk, VA",HAZARD_WEATHER_FLOOD,bc79e9eb-ca57-3ab6-9231-4e73cf18769c,4,0,5,-76.277288999999996,36.847955999999996,1507925144470,6.000000000000000,Primary,2017-10-13 20:05:44.470,2017-10-13 16:10:01
6252,/home/jeff/Documents/research/waze_proj/data/13.10.2017.17.22.01.json,"Norfolk, VA",HAZARD_WEATHER_FLOOD,6592c92c-b867-3d8d-aa91-8b7203a86355,0,0,5,-76.277109999999993,36.847964000000005,1507928255883,6.000000000000000,Primary,2017-10-13 20:57:35.883,2017-10-13 17:22:01
6253,/home/jeff/Documents/research/waze_proj/data/13.10.2017.17.22.01.json,"Norfolk, VA",HAZARD_WEATHER_FLOOD,c8831f04-d00a-3f52-9ead-e68fd0b736f3,3,0,6,-76.277268999999990,36.848008000000000,1507929211938,6.000000000000000,Primary,2017-10-13 21:13:31.938,2017-10-13 17:22:01
6254,/home/jeff/Documents/research/waze_proj/data/13.10.2017.17.22.01.json,"Norfolk, VA",HAZARD_WEATHER_FLOOD,f6513c51-1db2-3b34-be3e-ab0ee3b0f559,3,0,5,-76.277850000000001,36.846307000000003,1507929277160,6.000000000000000,Primary,2017-10-13 21:14:37.160,2017-10-13 17:22:01
6263,/home/jeff/Documents/research/waze_proj/data/13.10.2017.18.52.01.json,"Norfolk, VA",HAZARD_WEATHER_FLOOD,cf9962ff-ff7f-350f-8f76-c26af02445bf,1,0,5,-76.278222999999997,36.845962000000000,1507934001037,7.000000000000000,Secondary,2017-10-13 22:33:21.037,2017-10-13 18:52:01
6346,/home/jeff/Documents/research/waze_proj/data/08.11.2017.11.52.01.json,"Norfolk, VA",HAZARD_WEATHER_FLOOD,163749e4-5648-3d20-9c9a-f534ca1285bd,1,0,5,-76.282252999999997,36.850127000000001,1510158590026,2.000000000000000,Primary Street,2017-11-08 16:29:50.026,2017-11-08 11:52:01
6380,/home/jeff/Documents/research/waze_proj/data/13.10.2017.18.57.01.json,"Norfolk, VA",HAZARD_WEATHER_FLOOD,cf9962ff-ff7f-350f-8f76-c26af02445bf,1,0,5,-76.278222999999997,36.845962000000000,1507934001037,7.000000000000000,Secondary,2017-10-13 22:33:21.037,2017-10-13 18:57:01
6408,/home/jeff/Documents/research/waze_proj/data/13.10.2017.18.36.01.json,"Norfolk, VA",HAZARD_WEATHER_FLOOD,cf9962ff-ff7f-350f-8f76-c26af02445bf,1,0,5,-76.278222999999997,36.845962000000000,1507934001037,7.000000000000000,Secondary,2017-10-13 22:33:21.037,2017-10-13 18:36:01
6410,/home/jeff/Documents/research/waze_proj/data/12.08.2017.11.06.01.json,"Norfolk, VA",HAZARD_WEATHER_FLOOD,dad6d256-a898-3922-be3b-a6a237497a2c,2,0,5,-76.273868999999991,36.854424000000002,1502549364179,6.000000000000000,Primary,2017-08-12 14:49:24.179,2017-08-12 11:06:01
6430,/home/jeff/Documents/research/waze_proj/data/08.11.2017.12.56.01.json,"Norfolk, VA",HAZARD_WEATHER_FLOOD,6a818854-dde9-301d-80d8-86c33d6f4a6b,3,0,5,-76.277963000000000,36.846365000000006,1510163387541,6.000000000000000,Primary,2017-11-08 17:49:47.541,2017-11-08 12:56:01
6437,/home/jeff/Documents/research/waze_proj/data/13.10.2017.18.48.02.json,"Norfolk, VA",HAZARD_WEATHER_FLOOD,cf9962ff-ff7f-350f-8f76-c26af02445bf,1,0,5,-76.278222999999997,36.845962000000000,1507934001037,7.000000000000000,Secondary,2017-10-13 22:33:21.037,2017-10-13 18:48:02
6446,/home/jeff/Documents/research/waze_proj/data/09.11.2017.13.57.01.json,"Norfolk, VA",HAZARD_WEATHER_FLOOD,c520b127-da2a-3b89-8fde-02922a997f55,1,3,10,-76.276969999999992,36.848784000000002,1510251745296,6.000000000000000,Primary,2017-11-09 18:22:25.296,2017-11-09 13:57:01
6509,/home/jeff/Documents/research/waze_proj/data/13.11.2017.09.02.01.json,"Norfolk, VA",HAZARD_WEATHER_FLOOD,8bea3dee-bc3a-3c8f-a5e7-48bc550f1684,3,0,5,-76.277890999999997,36.845496999999995,1510581067374,6.000000000000000,Primary,2017-11-13 13:51:07.374,2017-11-13 09:02:01
6554,/home/jeff/Documents/research/waze_proj/data/09.11.2017.13.24.01.json,"Norfolk, VA",HAZARD_WEATHER_FLOOD,c520b127-da2a-3b89-8fde-02922a997f55,1,0,5,-76.276969999999992,36.848784000000002,1510251745296,6.000000000000000,Primary,2017-11-09 18:22:25.296,2017-11-09 13:24:01
6563,/home/jeff/Documents/research/waze_proj/data/13.10.2017.17.13.02.json,"Norfolk, VA",HAZARD_WEATHER_FLOOD,6592c92c-b867-3d8d-aa91-8b7203a86355,0,0,5,-76.277109999999993,36.847964000000005,1507928255883,6.000000000000000,Primary,2017-10-13 20:57:35.883,2017-10-13 17:13:02
6579,/home/jeff/Documents/research/waze_proj/data/13.10.2017.16.22.01.json,"Norfolk, VA",HAZARD_WEATHER_FLOOD,bc79e9eb-ca57-3ab6-9231-4e73cf18769c,4,1,7,-76.277288999999996,36.847955999999996,1507925144470,6.000000000000000,Primary,2017-10-13 20:05:44.470,2017-10-13 16:22:01
6605,/home/jeff/Documents/research/waze_proj/data/13.10.2017.16.32.01.json,"Norfolk, VA",HAZARD_WEATHER_FLOOD,bc79e9eb-ca57-3ab6-9231-4e73cf18769c,4,1,8,-76.277288999999996,36.847955999999996,1507925144470,6.000000000000000,Primary,2017-10-13 20:05:44.470,2017-10-13 16:32:01
6621,/home/jeff/Documents/research/waze_proj/data/13.10.2017.17.37.01.json,"Norfolk, VA",HAZARD_WEATHER_FLOOD,6592c92c-b867-3d8d-aa91-8b7203a86355,0,1,7,-76.277109999999993,36.847964000000005,1507928255883,6.000000000000000,Primary,2017-10-13 20:57:35.883,2017-10-13 17:37:01
6622,/home/jeff/Documents/research/waze_proj/data/13.10.2017.17.37.01.json,"Norfolk, VA",HAZARD_WEATHER_FLOOD,c8831f04-d00a-3f52-9ead-e68fd0b736f3,3,1,8,-76.277268999999990,36.848008000000000,1507929211938,6.000000000000000,Primary,2017-10-13 21:13:31.938,2017-10-13 17:37:01
6623,/home/jeff/Documents/research/waze_proj/data/13.10.2017.17.37.01.json,"Norfolk, VA",HAZARD_WEATHER_FLOOD,f6513c51-1db2-3b34-be3e-ab0ee3b0f559,3,0,5,-76.277850000000001,36.846307000000003,1507929277160,6.000000000000000,Primary,2017-10-13 21:14:37.160,2017-10-13 17:37:01
6626,/home/jeff/Documents/research/waze_proj/data/13.11.2017.09.03.01.json,"Norfolk, VA",HAZARD_WEATHER_FLOOD,8bea3dee-bc3a-3c8f-a5e7-48bc550f1684,3,0,5,-76.277890999999997,36.845496999999995,1510581067374,6.000000000000000,Primary,2017-11-13 13:51:07.374,2017-11-13 09:03:01
6697,/home/jeff/Documents/research/waze_proj/data/13.10.2017.16.33.01.json,"Norfolk, VA",HAZARD_WEATHER_FLOOD,bc79e9eb-ca57-3ab6-9231-4e73cf18769c,4,1,8,-76.277288999999996,36.847955999999996,1507925144470,6.000000000000000,Primary,2017-10-13 20:05:44.470,2017-10-13 16:33:01
6743,/home/jeff/Documents/research/waze_proj/data/13.10.2017.17.42.01.json,"Norfolk, VA",HAZARD_WEATHER_FLOOD,c8831f04-d00a-3f52-9ead-e68fd0b736f3,3,1,8,-76.277268999999990,36.848008000000000,1507929211938,6.000000000000000,Primary,2017-10-13 21:13:31.938,2017-10-13 17:42:01
6744,/home/jeff/Documents/research/waze_proj/data/13.10.2017.17.42.01.json,"Norfolk, VA",HAZARD_WEATHER_FLOOD,f6513c51-1db2-3b34-be3e-ab0ee3b0f559,3,0,5,-76.277850000000001,36.846307000000003,1507929277160,6.000000000000000,Primary,2017-10-13 21:14:37.160,2017-10-13 17:42:01
6749,/home/jeff/Documents/research/waze_proj/data/13.10.2017.16.38.01.json,"Norfolk, VA",HAZARD_WEATHER_FLOOD,bc79e9eb-ca57-3ab6-9231-4e73cf18769c,4,2,9,-76.277288999999996,36.847955999999996,1507925144470,6.000000000000000,Primary,2017-10-13 20:05:44.470,2017-10-13 16:38:01
6842,/home/jeff/Documents/research/waze_proj/data/13.10.2017.16.14.01.json,"Norfolk, VA",HAZARD_WEATHER_FLOOD,bc79e9eb-ca57-3ab6-9231-4e73cf18769c,4,0,6,-76.277288999999996,36.847955999999996,1507925144470,6.000000000000000,Primary,2017-10-13 20:05:44.470,2017-10-13 16:14:01
6962,/home/jeff/Documents/research/waze_proj/data/08.11.2017.11.56.01.json,"Norfolk, VA",HAZARD_WEATHER_FLOOD,163749e4-5648-3d20-9c9a-f534ca1285bd,1,0,5,-76.282252999999997,36.850127000000001,1510158590026,2.000000000000000,Primary Street,2017-11-08 16:29:50.026,2017-11-08 11:56:01
6981,/home/jeff/Documents/research/waze_proj/data/13.10.2017.17.40.01.json,"Norfolk, VA",HAZARD_WEATHER_FLOOD,6592c92c-b867-3d8d-aa91-8b7203a86355,0,1,7,-76.277109999999993,36.847964000000005,1507928255883,6.000000000000000,Primary,2017-10-13 20:57:35.883,2017-10-13 17:40:01
6982,/home/jeff/Documents/research/waze_proj/data/13.10.2017.17.40.01.json,"Norfolk, VA",HAZARD_WEATHER_FLOOD,c8831f04-d00a-3f52-9ead-e68fd0b736f3,3,1,8,-76.277268999999990,36.848008000000000,1507929211938,6.000000000000000,Primary,2017-10-13 21:13:31.938,2017-10-13 17:40:01
6983,/home/jeff/Documents/research/waze_proj/data/13.10.2017.17.40.01.json,"Norfolk, VA",HAZARD_WEATHER_FLOOD,f6513c51-1db2-3b34-be3e-ab0ee3b0f559,3,0,5,-76.277850000000001,36.846307000000003,1507929277160,6.000000000000000,Primary,2017-10-13 21:14:37.160,2017-10-13 17:40:01
7045,/home/jeff/Documents/research/waze_proj/data/13.10.2017.17.09.01.json,"Norfolk, VA",HAZARD_WEATHER_FLOOD,6592c92c-b867-3d8d-aa91-8b7203a86355,0,0,5,-76.277109999999993,36.847964000000005,1507928255883,6.000000000000000,Primary,2017-10-13 20:57:35.883,2017-10-13 17:09:01
7053,/home/jeff/Documents/research/waze_proj/data/08.11.2017.12.50.01.json,"Norfolk, VA",HAZARD_WEATHER_FLOOD,6a818854-dde9-301d-80d8-86c33d6f4a6b,3,0,5,-76.277963000000000,36.846365000000006,1510163387541,6.000000000000000,Primary,2017-11-08 17:49:47.541,2017-11-08 12:50:01
7065,/home/jeff/Documents/research/waze_proj/data/13.10.2017.18.47.01.json,"Norfolk, VA",HAZARD_WEATHER_FLOOD,cf9962ff-ff7f-350f-8f76-c26af02445bf,1,0,5,-76.278222999999997,36.845962000000000,1507934001037,7.000000000000000,Secondary,2017-10-13 22:33:21.037,2017-10-13 18:47:01
7070,/home/jeff/Documents/research/waze_proj/data/13.10.2017.17.21.01.json,"Norfolk, VA",HAZARD_WEATHER_FLOOD,6592c92c-b867-3d8d-aa91-8b7203a86355,0,0,5,-76.277109999999993,36.847964000000005,1507928255883,6.000000000000000,Primary,2017-10-13 20:57:35.883,2017-10-13 17:21:01
7071,/home/jeff/Documents/research/waze_proj/data/13.10.2017.17.21.01.json,"Norfolk, VA",HAZARD_WEATHER_FLOOD,c8831f04-d00a-3f52-9ead-e68fd0b736f3,3,0,6,-76.277268999999990,36.848008000000000,1507929211938,6.000000000000000,Primary,2017-10-13 21:13:31.938,2017-10-13 17:21:01
7072,/home/jeff/Documents/research/waze_proj/data/13.10.2017.17.21.01.json,"Norfolk, VA",HAZARD_WEATHER_FLOOD,f6513c51-1db2-3b34-be3e-ab0ee3b0f559,3,0,5,-76.277850000000001,36.846307000000003,1507929277160,6.000000000000000,Primary,2017-10-13 21:14:37.160,2017-10-13 17:21:01
7098,/home/jeff/Documents/research/waze_proj/data/13.10.2017.16.21.01.json,"Norfolk, VA",HAZARD_WEATHER_FLOOD,bc79e9eb-ca57-3ab6-9231-4e73cf18769c,4,0,6,-76.277288999999996,36.847955999999996,1507925144470,6.000000000000000,Primary,2017-10-13 20:05:44.470,2017-10-13 16:21:01
7162,/home/jeff/Documents/research/waze_proj/data/08.11.2017.13.17.01.json,"Norfolk, VA",HAZARD_WEATHER_FLOOD,6a818854-dde9-301d-80d8-86c33d6f4a6b,3,0,5,-76.277963000000000,36.846365000000006,1510163387541,6.000000000000000,Primary,2017-11-08 17:49:47.541,2017-11-08 13:17:01
7167,/home/jeff/Documents/research/waze_proj/data/09.11.2017.13.26.01.json,"Norfolk, VA",HAZARD_WEATHER_FLOOD,c520b127-da2a-3b89-8fde-02922a997f55,1,0,6,-76.276969999999992,36.848784000000002,1510251745296,6.000000000000000,Primary,2017-11-09 18:22:25.296,2017-11-09 13:26:01
7208,/home/jeff/Documents/research/waze_proj/data/13.10.2017.19.01.01.json,"Norfolk, VA",HAZARD_WEATHER_FLOOD,cf9962ff-ff7f-350f-8f76-c26af02445bf,1,0,5,-76.278222999999997,36.845962000000000,1507934001037,7.000000000000000,Secondary,2017-10-13 22:33:21.037,2017-10-13 19:01:01
7226,/home/jeff/Documents/research/waze_proj/data/13.10.2017.18.38.01.json,"Norfolk, VA",HAZARD_WEATHER_FLOOD,cf9962ff-ff7f-350f-8f76-c26af02445bf,1,0,5,-76.278222999999997,36.845962000000000,1507934001037,7.000000000000000,Secondary,2017-10-13 22:33:21.037,2017-10-13 18:38:01
7231,/home/jeff/Documents/research/waze_proj/data/08.11.2017.11.39.01.json,"Norfolk, VA",HAZARD_WEATHER_FLOOD,163749e4-5648-3d20-9c9a-f534ca1285bd,1,0,5,-76.282252999999997,36.850127000000001,1510158590026,2.000000000000000,Primary Street,2017-11-08 16:29:50.026,2017-11-08 11:39:01
7272,/home/jeff/Documents/research/waze_proj/data/13.10.2017.17.46.01.json,"Norfolk, VA",HAZARD_WEATHER_FLOOD,c8831f04-d00a-3f52-9ead-e68fd0b736f3,3,1,8,-76.277268999999990,36.848008000000000,1507929211938,6.000000000000000,Primary,2017-10-13 21:13:31.938,2017-10-13 17:46:01
7274,/home/jeff/Documents/research/waze_proj/data/08.11.2017.11.30.01.json,"Norfolk, VA",HAZARD_WEATHER_FLOOD,163749e4-5648-3d20-9c9a-f534ca1285bd,1,0,5,-76.282252999999997,36.850127000000001,1510158590026,2.000000000000000,Primary Street,2017-11-08 16:29:50.026,2017-11-08 11:30:01
7329,/home/jeff/Documents/research/waze_proj/data/08.11.2017.11.35.01.json,"Norfolk, VA",HAZARD_WEATHER_FLOOD,163749e4-5648-3d20-9c9a-f534ca1285bd,1,0,5,-76.282252999999997,36.850127000000001,1510158590026,2.000000000000000,Primary Street,2017-11-08 16:29:50.026,2017-11-08 11:35:01
7351,/home/jeff/Documents/research/waze_proj/data/08.11.2017.12.54.01.json,"Norfolk, VA",HAZARD_WEATHER_FLOOD,6a818854-dde9-301d-80d8-86c33d6f4a6b,3,0,5,-76.277963000000000,36.846365000000006,1510163387541,6.000000000000000,Primary,2017-11-08 17:49:47.541,2017-11-08 12:54:01
